<user1>
<interactionEvent>
	<kind>selection</kind>
	<date>2015-11-27 15:45:16.191 UTC</date>
	<endDate>2015-11-27 15:45:16.191 UTC</endDate>
	<originId>org.eclipse.jdt.ui.PackageExplorer</originId>
	<structureKind>?: class org.eclipse.core.internal.resources.Project</structureKind>
	<structureHandle>/slf4j-master</structureHandle>
	<navigation>null</navigation>
	<delta></delta>
	<interestContribution>0.0</interestContribution>
</interactionEvent>
<interactionEvent>
	<kind>selection</kind>
	<date>2015-11-27 15:45:16.198 UTC</date>
	<endDate>2015-11-27 15:45:16.198 UTC</endDate>
	<originId>org.eclipse.jdt.ui.PackageExplorer</originId>
	<structureKind>?: class org.eclipse.core.internal.resources.Project</structureKind>
	<structureHandle>/slf4j-master</structureHandle>
	<navigation>null</navigation>
	<delta></delta>
	<interestContribution>0.0</interestContribution>
</interactionEvent>
<interactionEvent>
	<kind>selection</kind>
	<date>2015-11-27 15:45:28.156 UTC</date>
	<endDate>2015-11-27 15:45:28.156 UTC</endDate>
	<originId>org.eclipse.jdt.ui.PackageExplorer</originId>
	<structureKind>?: class org.eclipse.core.internal.resources.Project</structureKind>
	<structureHandle>/JHotDraw52</structureHandle>
	<navigation>null</navigation>
	<delta></delta>
	<interestContribution>0.0</interestContribution>
</interactionEvent>
<interactionEvent>
	<kind>selection</kind>
	<date>2015-11-27 15:45:28.264 UTC</date>
	<endDate>2015-11-27 15:45:28.264 UTC</endDate>
	<originId>org.eclipse.jdt.ui.PackageExplorer</originId>
	<structureKind>?: class org.eclipse.core.internal.resources.Project</structureKind>
	<structureHandle>/JHotDraw52</structureHandle>
	<navigation>null</navigation>
	<delta></delta>
	<interestContribution>0.0</interestContribution>
</interactionEvent>
</user1>
