<user1>
<interactionEvent>
	<kind>selection</kind>
	<date>2015-10-03 23:22:03.940 UTC</date>
	<endDate>2015-10-03 23:22:03.940 UTC</endDate>
	<originId>org.eclipse.jdt.ui.SourceView</originId>
	<structureKind>?</structureKind>
	<structureHandle>?</structureHandle>
	<navigation>null</navigation>
	<delta></delta>
	<interestContribution>0.0</interestContribution>
</interactionEvent>
<interactionEvent>
	<kind>selection</kind>
	<date>2015-10-03 23:22:04.606 UTC</date>
	<endDate>2015-10-03 23:22:04.606 UTC</endDate>
	<originId>org.eclipse.jdt.ui.SourceView</originId>
	<structureKind>?</structureKind>
	<structureHandle>?</structureHandle>
	<navigation>null</navigation>
	<delta></delta>
	<interestContribution>0.0</interestContribution>
</interactionEvent>
<interactionEvent>
	<kind>selection</kind>
	<date>2015-10-03 23:22:05.158 UTC</date>
	<endDate>2015-10-03 23:22:05.158 UTC</endDate>
	<originId>org.eclipse.jdt.ui.SourceView</originId>
	<structureKind>?</structureKind>
	<structureHandle>?</structureHandle>
	<navigation>null</navigation>
	<delta></delta>
	<interestContribution>0.0</interestContribution>
</interactionEvent>
<interactionEvent>
	<kind>selection</kind>
	<date>2015-10-03 23:22:29.808 UTC</date>
	<endDate>2015-10-03 23:22:29.808 UTC</endDate>
	<originId>org.eclipse.jdt.ui.SourceView</originId>
	<structureKind>?</structureKind>
	<structureHandle>?</structureHandle>
	<navigation>null</navigation>
	<delta></delta>
	<interestContribution>0.0</interestContribution>
</interactionEvent>
<interactionEvent>
	<kind>selection</kind>
	<date>2015-10-03 23:23:49.396 UTC</date>
	<endDate>2015-10-03 23:23:49.396 UTC</endDate>
	<originId>org.eclipse.jdt.ui.SourceView</originId>
	<structureKind>?</structureKind>
	<structureHandle>?</structureHandle>
	<navigation>null</navigation>
	<delta></delta>
	<interestContribution>0.0</interestContribution>
</interactionEvent>
<interactionEvent>
	<kind>selection</kind>
	<date>2015-10-03 23:25:54.538 UTC</date>
	<endDate>2015-10-03 23:25:54.538 UTC</endDate>
	<originId>org.eclipse.jdt.ui.SourceView</originId>
	<structureKind>?</structureKind>
	<structureHandle>?</structureHandle>
	<navigation>null</navigation>
	<delta></delta>
	<interestContribution>0.0</interestContribution>
</interactionEvent>
<interactionEvent>
	<kind>selection</kind>
	<date>2015-10-03 23:26:01.24 UTC</date>
	<endDate>2015-10-03 23:26:01.24 UTC</endDate>
	<originId>org.eclipse.jdt.ui.SourceView</originId>
	<structureKind>?</structureKind>
	<structureHandle>?</structureHandle>
	<navigation>null</navigation>
	<delta></delta>
	<interestContribution>0.0</interestContribution>
</interactionEvent>
<interactionEvent>
	<kind>selection</kind>
	<date>2015-10-03 23:29:32.983 UTC</date>
	<endDate>2015-10-03 23:29:32.983 UTC</endDate>
	<originId>org.eclipse.jdt.ui.PackageExplorer</originId>
	<structureKind>java</structureKind>
	<structureHandle>=slf4j/slf4j-simple\/src\/test\/java</structureHandle>
	<navigation>null</navigation>
	<delta></delta>
	<interestContribution>0.0</interestContribution>
</interactionEvent>
<interactionEvent>
	<kind>selection</kind>
	<date>2015-10-03 23:29:32.988 UTC</date>
	<endDate>2015-10-03 23:29:32.988 UTC</endDate>
	<originId>org.eclipse.jdt.ui.PackageExplorer</originId>
	<structureKind>java</structureKind>
	<structureHandle>=slf4j/slf4j-simple\/src\/test\/java</structureHandle>
	<navigation>null</navigation>
	<delta></delta>
	<interestContribution>0.0</interestContribution>
</interactionEvent>
<interactionEvent>
	<kind>selection</kind>
	<date>2015-10-03 23:29:34.741 UTC</date>
	<endDate>2015-10-03 23:29:34.741 UTC</endDate>
	<originId>org.eclipse.jdt.ui.PackageExplorer</originId>
	<structureKind>java</structureKind>
	<structureHandle>=slf4j/slf4j-simple\/src\/test\/java&lt;org.slf4j</structureHandle>
	<navigation>null</navigation>
	<delta></delta>
	<interestContribution>0.0</interestContribution>
</interactionEvent>
<interactionEvent>
	<kind>selection</kind>
	<date>2015-10-03 23:31:01.573 UTC</date>
	<endDate>2015-10-03 23:31:01.573 UTC</endDate>
	<originId>org.eclipse.jdt.ui.PackageExplorer</originId>
	<structureKind>java</structureKind>
	<structureHandle>=slf4j/slf4j-simple\/src\/test\/java</structureHandle>
	<navigation>null</navigation>
	<delta></delta>
	<interestContribution>0.0</interestContribution>
</interactionEvent>
<interactionEvent>
	<kind>selection</kind>
	<date>2015-10-03 23:31:03.757 UTC</date>
	<endDate>2015-10-03 23:31:03.757 UTC</endDate>
	<originId>org.eclipse.jdt.ui.PackageExplorer</originId>
	<structureKind>java</structureKind>
	<structureHandle>=slf4j/slf4j-migrator\/src\/test\/java</structureHandle>
	<navigation>null</navigation>
	<delta></delta>
	<interestContribution>0.0</interestContribution>
</interactionEvent>
<interactionEvent>
	<kind>selection</kind>
	<date>2015-10-03 23:31:08.192 UTC</date>
	<endDate>2015-10-03 23:31:08.192 UTC</endDate>
	<originId>org.eclipse.jdt.ui.PackageExplorer</originId>
	<structureKind>java</structureKind>
	<structureHandle>=slf4j/slf4j-migrator\/src\/test\/java&lt;org.slf4j.migrator</structureHandle>
	<navigation>null</navigation>
	<delta></delta>
	<interestContribution>0.0</interestContribution>
</interactionEvent>
<interactionEvent>
	<kind>selection</kind>
	<date>2015-10-03 23:31:08.455 UTC</date>
	<endDate>2015-10-03 23:31:08.455 UTC</endDate>
	<originId>org.eclipse.jdt.ui.PackageExplorer</originId>
	<structureKind>java</structureKind>
	<structureHandle>=slf4j/slf4j-migrator\/src\/test\/java&lt;org.slf4j.migrator</structureHandle>
	<navigation>null</navigation>
	<delta></delta>
	<interestContribution>0.0</interestContribution>
</interactionEvent>
<interactionEvent>
	<kind>selection</kind>
	<date>2015-10-03 23:31:10.512 UTC</date>
	<endDate>2015-10-03 23:31:10.512 UTC</endDate>
	<originId>org.eclipse.jdt.ui.PackageExplorer</originId>
	<structureKind>java</structureKind>
	<structureHandle>=slf4j/slf4j-migrator\/src\/test\/java&lt;org.slf4j.migrator{AternativeApproach.java</structureHandle>
	<navigation>null</navigation>
	<delta></delta>
	<interestContribution>0.0</interestContribution>
</interactionEvent>
<interactionEvent>
	<kind>edit</kind>
	<date>2015-10-03 23:31:11.278 UTC</date>
	<endDate>2015-10-03 23:31:11.278 UTC</endDate>
	<originId>org.eclipse.jdt.ui.CompilationUnitEditor</originId>
	<structureKind>java</structureKind>
	<structureHandle>=slf4j/slf4j-migrator\/src\/test\/java&lt;org.slf4j.migrator{AternativeApproach.java</structureHandle>
	<navigation>null</navigation>
	<delta></delta>
	<interestContribution>0.0</interestContribution>
</interactionEvent>
<interactionEvent>
	<kind>selection</kind>
	<date>2015-10-03 23:31:11.918 UTC</date>
	<endDate>2015-10-03 23:31:11.918 UTC</endDate>
	<originId>org.eclipse.jdt.ui.PackageExplorer</originId>
	<structureKind>java</structureKind>
	<structureHandle>=slf4j/slf4j-migrator\/src\/test\/java&lt;org.slf4j.migrator{AternativeApproach.java</structureHandle>
	<navigation>null</navigation>
	<delta></delta>
	<interestContribution>0.0</interestContribution>
</interactionEvent>
<interactionEvent>
	<kind>selection</kind>
	<date>2015-10-03 23:31:12.279 UTC</date>
	<endDate>2015-10-03 23:31:12.279 UTC</endDate>
	<originId>org.eclipse.jdt.ui.PackageExplorer</originId>
	<structureKind>java</structureKind>
	<structureHandle>=slf4j/slf4j-migrator\/src\/test\/java&lt;org.slf4j.migrator{AternativeApproach.java</structureHandle>
	<navigation>null</navigation>
	<delta></delta>
	<interestContribution>0.0</interestContribution>
</interactionEvent>
<interactionEvent>
	<kind>selection</kind>
	<date>2015-10-03 23:31:13.950 UTC</date>
	<endDate>2015-10-03 23:31:13.950 UTC</endDate>
	<originId>org.eclipse.jdt.ui.PackageExplorer</originId>
	<structureKind>java</structureKind>
	<structureHandle>=slf4j/slf4j-migrator\/src\/test\/java&lt;org.slf4j.migrator{FileConverterTest.java</structureHandle>
	<navigation>null</navigation>
	<delta></delta>
	<interestContribution>0.0</interestContribution>
</interactionEvent>
<interactionEvent>
	<kind>edit</kind>
	<date>2015-10-03 23:31:14.549 UTC</date>
	<endDate>2015-10-03 23:31:14.549 UTC</endDate>
	<originId>org.eclipse.jdt.ui.CompilationUnitEditor</originId>
	<structureKind>java</structureKind>
	<structureHandle>=slf4j/slf4j-migrator\/src\/test\/java&lt;org.slf4j.migrator{FileConverterTest.java</structureHandle>
	<navigation>null</navigation>
	<delta></delta>
	<interestContribution>0.0</interestContribution>
</interactionEvent>
<interactionEvent>
	<kind>selection</kind>
	<date>2015-10-03 23:31:15.124 UTC</date>
	<endDate>2015-10-03 23:31:15.124 UTC</endDate>
	<originId>org.eclipse.jdt.ui.PackageExplorer</originId>
	<structureKind>java</structureKind>
	<structureHandle>=slf4j/slf4j-migrator\/src\/test\/java&lt;org.slf4j.migrator{FileConverterTest.java</structureHandle>
	<navigation>null</navigation>
	<delta></delta>
	<interestContribution>0.0</interestContribution>
</interactionEvent>
<interactionEvent>
	<kind>selection</kind>
	<date>2015-10-03 23:31:15.412 UTC</date>
	<endDate>2015-10-03 23:31:15.412 UTC</endDate>
	<originId>org.eclipse.jdt.ui.PackageExplorer</originId>
	<structureKind>java</structureKind>
	<structureHandle>=slf4j/slf4j-migrator\/src\/test\/java&lt;org.slf4j.migrator{FileConverterTest.java</structureHandle>
	<navigation>null</navigation>
	<delta></delta>
	<interestContribution>0.0</interestContribution>
</interactionEvent>
<interactionEvent>
	<kind>selection</kind>
	<date>2015-10-03 23:31:29.358 UTC</date>
	<endDate>2015-10-03 23:31:29.358 UTC</endDate>
	<originId>org.eclipse.jdt.ui.PackageExplorer</originId>
	<structureKind>java</structureKind>
	<structureHandle>=slf4j/slf4j-migrator\/src\/test\/java&lt;org.slf4j.migrator{FileConverterTest.java</structureHandle>
	<navigation>null</navigation>
	<delta></delta>
	<interestContribution>0.0</interestContribution>
</interactionEvent>
<interactionEvent>
	<kind>selection</kind>
	<date>2015-10-03 23:31:44.330 UTC</date>
	<endDate>2015-10-03 23:31:44.330 UTC</endDate>
	<originId>org.eclipse.jdt.ui.PackageExplorer</originId>
	<structureKind>java</structureKind>
	<structureHandle>=slf4j/slf4j-migrator\/src\/test\/java&lt;org.slf4j.migrator{FileConverterTest.java</structureHandle>
	<navigation>null</navigation>
	<delta></delta>
	<interestContribution>0.0</interestContribution>
</interactionEvent>
<interactionEvent>
	<kind>selection</kind>
	<date>2015-10-03 23:31:50.134 UTC</date>
	<endDate>2015-10-03 23:31:50.134 UTC</endDate>
	<originId>org.eclipse.jdt.ui.PackageExplorer</originId>
	<structureKind>java</structureKind>
	<structureHandle>=slf4j/slf4j-migrator\/src\/test\/java&lt;org.slf4j.migrator{FileConverterTest.java</structureHandle>
	<navigation>null</navigation>
	<delta></delta>
	<interestContribution>0.0</interestContribution>
</interactionEvent>
<interactionEvent>
	<kind>selection</kind>
	<date>2015-10-03 23:31:57.994 UTC</date>
	<endDate>2015-10-03 23:31:57.994 UTC</endDate>
	<originId>org.eclipse.jdt.ui.PackageExplorer</originId>
	<structureKind>java</structureKind>
	<structureHandle>=slf4j/slf4j-migrator\/src\/test\/java&lt;org.slf4j.migrator{FileConverterTest.java</structureHandle>
	<navigation>null</navigation>
	<delta></delta>
	<interestContribution>0.0</interestContribution>
</interactionEvent>
<interactionEvent>
	<kind>selection</kind>
	<date>2015-10-03 23:31:58.485 UTC</date>
	<endDate>2015-10-03 23:31:58.485 UTC</endDate>
	<originId>org.eclipse.jdt.ui.PackageExplorer</originId>
	<structureKind>java</structureKind>
	<structureHandle>=slf4j/slf4j-migrator\/jcl</structureHandle>
	<navigation>null</navigation>
	<delta></delta>
	<interestContribution>0.0</interestContribution>
</interactionEvent>
<interactionEvent>
	<kind>selection</kind>
	<date>2015-10-03 23:32:04.133 UTC</date>
	<endDate>2015-10-03 23:32:04.133 UTC</endDate>
	<originId>org.eclipse.jdt.ui.PackageExplorer</originId>
	<structureKind>java</structureKind>
	<structureHandle>=slf4j/slf4j-log4j12\/src\/test\/java</structureHandle>
	<navigation>null</navigation>
	<delta></delta>
	<interestContribution>0.0</interestContribution>
</interactionEvent>
<interactionEvent>
	<kind>selection</kind>
	<date>2015-10-03 23:32:06.182 UTC</date>
	<endDate>2015-10-03 23:32:06.182 UTC</endDate>
	<originId>org.eclipse.jdt.ui.PackageExplorer</originId>
	<structureKind>java</structureKind>
	<structureHandle>=slf4j/slf4j-migrator\/jcl</structureHandle>
	<navigation>null</navigation>
	<delta></delta>
	<interestContribution>0.0</interestContribution>
</interactionEvent>
<interactionEvent>
	<kind>selection</kind>
	<date>2015-10-03 23:32:06.744 UTC</date>
	<endDate>2015-10-03 23:32:06.744 UTC</endDate>
	<originId>org.eclipse.jdt.ui.PackageExplorer</originId>
	<structureKind>java</structureKind>
	<structureHandle>=slf4j/slf4j-log4j12\/src\/test\/java</structureHandle>
	<navigation>null</navigation>
	<delta></delta>
	<interestContribution>0.0</interestContribution>
</interactionEvent>
<interactionEvent>
	<kind>selection</kind>
	<date>2015-10-03 23:32:12.354 UTC</date>
	<endDate>2015-10-03 23:32:12.354 UTC</endDate>
	<originId>org.eclipse.jdt.ui.PackageExplorer</originId>
	<structureKind>java</structureKind>
	<structureHandle>=slf4j/slf4j-log4j12\/src\/main\/java</structureHandle>
	<navigation>null</navigation>
	<delta></delta>
	<interestContribution>0.0</interestContribution>
</interactionEvent>
<interactionEvent>
	<kind>selection</kind>
	<date>2015-10-03 23:32:13.503 UTC</date>
	<endDate>2015-10-03 23:32:13.503 UTC</endDate>
	<originId>org.eclipse.jdt.ui.PackageExplorer</originId>
	<structureKind>java</structureKind>
	<structureHandle>=slf4j/slf4j-jdk14\/src\/main\/java</structureHandle>
	<navigation>null</navigation>
	<delta></delta>
	<interestContribution>0.0</interestContribution>
</interactionEvent>
<interactionEvent>
	<kind>selection</kind>
	<date>2015-10-03 23:32:14.374 UTC</date>
	<endDate>2015-10-03 23:32:14.374 UTC</endDate>
	<originId>org.eclipse.jdt.ui.PackageExplorer</originId>
	<structureKind>java</structureKind>
	<structureHandle>=slf4j/slf4j-log4j12\/src\/main\/java</structureHandle>
	<navigation>null</navigation>
	<delta></delta>
	<interestContribution>0.0</interestContribution>
</interactionEvent>
<interactionEvent>
	<kind>selection</kind>
	<date>2015-10-03 23:32:20.110 UTC</date>
	<endDate>2015-10-03 23:32:20.110 UTC</endDate>
	<originId>org.eclipse.jdt.ui.PackageExplorer</originId>
	<structureKind>java</structureKind>
	<structureHandle>=slf4j/slf4j-log4j12\/src\/main\/java&lt;org.slf4j.impl{StaticLoggerBinder.java</structureHandle>
	<navigation>null</navigation>
	<delta></delta>
	<interestContribution>0.0</interestContribution>
</interactionEvent>
<interactionEvent>
	<kind>edit</kind>
	<date>2015-10-03 23:32:21.84 UTC</date>
	<endDate>2015-10-03 23:32:21.84 UTC</endDate>
	<originId>org.eclipse.jdt.ui.CompilationUnitEditor</originId>
	<structureKind>java</structureKind>
	<structureHandle>=slf4j/slf4j-log4j12\/src\/main\/java&lt;org.slf4j.impl{StaticLoggerBinder.java</structureHandle>
	<navigation>null</navigation>
	<delta></delta>
	<interestContribution>0.0</interestContribution>
</interactionEvent>
<interactionEvent>
	<kind>selection</kind>
	<date>2015-10-03 23:32:21.742 UTC</date>
	<endDate>2015-10-03 23:32:21.742 UTC</endDate>
	<originId>org.eclipse.jdt.ui.PackageExplorer</originId>
	<structureKind>java</structureKind>
	<structureHandle>=slf4j/slf4j-log4j12\/src\/main\/java&lt;org.slf4j.impl{StaticLoggerBinder.java</structureHandle>
	<navigation>null</navigation>
	<delta></delta>
	<interestContribution>0.0</interestContribution>
</interactionEvent>
<interactionEvent>
	<kind>selection</kind>
	<date>2015-10-03 23:32:22.155 UTC</date>
	<endDate>2015-10-03 23:32:22.155 UTC</endDate>
	<originId>org.eclipse.jdt.ui.PackageExplorer</originId>
	<structureKind>java</structureKind>
	<structureHandle>=slf4j/slf4j-log4j12\/src\/main\/java&lt;org.slf4j.impl{StaticLoggerBinder.java</structureHandle>
	<navigation>null</navigation>
	<delta></delta>
	<interestContribution>0.0</interestContribution>
</interactionEvent>
<interactionEvent>
	<kind>selection</kind>
	<date>2015-10-03 23:32:23.422 UTC</date>
	<endDate>2015-10-03 23:32:23.422 UTC</endDate>
	<originId>org.eclipse.jdt.ui.PackageExplorer</originId>
	<structureKind>java</structureKind>
	<structureHandle>=slf4j/slf4j-log4j12\/src\/main\/java&lt;org.slf4j.impl{StaticLoggerBinder.java</structureHandle>
	<navigation>null</navigation>
	<delta></delta>
	<interestContribution>0.0</interestContribution>
</interactionEvent>
<interactionEvent>
	<kind>selection</kind>
	<date>2015-10-03 23:32:25.842 UTC</date>
	<endDate>2015-10-03 23:32:25.842 UTC</endDate>
	<originId>org.eclipse.jdt.ui.PackageExplorer</originId>
	<structureKind>java</structureKind>
	<structureHandle>=slf4j/slf4j-log4j12\/src\/main\/java&lt;org.slf4j.impl{StaticLoggerBinder.java</structureHandle>
	<navigation>null</navigation>
	<delta></delta>
	<interestContribution>0.0</interestContribution>
</interactionEvent>
<interactionEvent>
	<kind>selection</kind>
	<date>2015-10-03 23:32:30.522 UTC</date>
	<endDate>2015-10-03 23:32:30.522 UTC</endDate>
	<originId>org.eclipse.jdt.ui.PackageExplorer</originId>
	<structureKind>java</structureKind>
	<structureHandle>=slf4j/slf4j-log4j12\/src\/main\/java&lt;org.slf4j.impl{StaticLoggerBinder.java</structureHandle>
	<navigation>null</navigation>
	<delta></delta>
	<interestContribution>0.0</interestContribution>
</interactionEvent>
<interactionEvent>
	<kind>selection</kind>
	<date>2015-10-03 23:32:31.637 UTC</date>
	<endDate>2015-10-03 23:32:31.637 UTC</endDate>
	<originId>org.eclipse.jdt.ui.CompilationUnitEditor</originId>
	<structureKind>java</structureKind>
	<structureHandle>=slf4j/slf4j-log4j12\/src\/main\/java&lt;org.slf4j.impl{Log4jMDCAdapter.java</structureHandle>
	<navigation>null</navigation>
	<delta></delta>
	<interestContribution>0.0</interestContribution>
</interactionEvent>
<interactionEvent>
	<kind>selection</kind>
	<date>2015-10-03 23:32:32.293 UTC</date>
	<endDate>2015-10-03 23:32:32.293 UTC</endDate>
	<originId>org.eclipse.jdt.ui.PackageExplorer</originId>
	<structureKind>java</structureKind>
	<structureHandle>=slf4j/slf4j-log4j12\/src\/main\/java&lt;org.slf4j.impl{Log4jMDCAdapter.java</structureHandle>
	<navigation>null</navigation>
	<delta></delta>
	<interestContribution>0.0</interestContribution>
</interactionEvent>
<interactionEvent>
	<kind>selection</kind>
	<date>2015-10-03 23:32:32.672 UTC</date>
	<endDate>2015-10-03 23:32:32.672 UTC</endDate>
	<originId>org.eclipse.jdt.ui.PackageExplorer</originId>
	<structureKind>java</structureKind>
	<structureHandle>=slf4j/slf4j-log4j12\/src\/main\/java&lt;org.slf4j.impl{Log4jMDCAdapter.java</structureHandle>
	<navigation>null</navigation>
	<delta></delta>
	<interestContribution>0.0</interestContribution>
</interactionEvent>
<interactionEvent>
	<kind>selection</kind>
	<date>2015-10-03 23:32:32.674 UTC</date>
	<endDate>2015-10-03 23:32:32.674 UTC</endDate>
	<originId>org.eclipse.jdt.ui.PackageExplorer</originId>
	<structureKind>java</structureKind>
	<structureHandle>=slf4j/slf4j-log4j12\/src\/main\/java&lt;org.slf4j.impl{Log4jMDCAdapter.java</structureHandle>
	<navigation>null</navigation>
	<delta></delta>
	<interestContribution>0.0</interestContribution>
</interactionEvent>
<interactionEvent>
	<kind>selection</kind>
	<date>2015-10-03 23:32:35.206 UTC</date>
	<endDate>2015-10-03 23:32:35.206 UTC</endDate>
	<originId>org.eclipse.jdt.ui.CompilationUnitEditor</originId>
	<structureKind>java</structureKind>
	<structureHandle>=slf4j/slf4j-log4j12\/src\/main\/java&lt;org.slf4j.impl{Log4jLoggerFactory.java</structureHandle>
	<navigation>null</navigation>
	<delta></delta>
	<interestContribution>0.0</interestContribution>
</interactionEvent>
<interactionEvent>
	<kind>selection</kind>
	<date>2015-10-03 23:32:35.977 UTC</date>
	<endDate>2015-10-03 23:32:35.977 UTC</endDate>
	<originId>org.eclipse.jdt.ui.PackageExplorer</originId>
	<structureKind>java</structureKind>
	<structureHandle>=slf4j/slf4j-log4j12\/src\/main\/java&lt;org.slf4j.impl{Log4jLoggerFactory.java</structureHandle>
	<navigation>null</navigation>
	<delta></delta>
	<interestContribution>0.0</interestContribution>
</interactionEvent>
<interactionEvent>
	<kind>selection</kind>
	<date>2015-10-03 23:32:36.334 UTC</date>
	<endDate>2015-10-03 23:32:36.334 UTC</endDate>
	<originId>org.eclipse.jdt.ui.PackageExplorer</originId>
	<structureKind>java</structureKind>
	<structureHandle>=slf4j/slf4j-log4j12\/src\/main\/java&lt;org.slf4j.impl{Log4jLoggerFactory.java</structureHandle>
	<navigation>null</navigation>
	<delta></delta>
	<interestContribution>0.0</interestContribution>
</interactionEvent>
<interactionEvent>
	<kind>selection</kind>
	<date>2015-10-03 23:32:36.341 UTC</date>
	<endDate>2015-10-03 23:32:36.341 UTC</endDate>
	<originId>org.eclipse.jdt.ui.PackageExplorer</originId>
	<structureKind>java</structureKind>
	<structureHandle>=slf4j/slf4j-log4j12\/src\/main\/java&lt;org.slf4j.impl{Log4jLoggerFactory.java</structureHandle>
	<navigation>null</navigation>
	<delta></delta>
	<interestContribution>0.0</interestContribution>
</interactionEvent>
<interactionEvent>
	<kind>selection</kind>
	<date>2015-10-03 23:32:40.751 UTC</date>
	<endDate>2015-10-03 23:32:40.751 UTC</endDate>
	<originId>org.eclipse.jdt.ui.CompilationUnitEditor</originId>
	<structureKind>java</structureKind>
	<structureHandle>=slf4j/slf4j-log4j12\/src\/main\/java&lt;org.slf4j.impl{StaticMarkerBinder.java</structureHandle>
	<navigation>null</navigation>
	<delta></delta>
	<interestContribution>0.0</interestContribution>
</interactionEvent>
<interactionEvent>
	<kind>selection</kind>
	<date>2015-10-03 23:32:41.979 UTC</date>
	<endDate>2015-10-03 23:32:41.979 UTC</endDate>
	<originId>org.eclipse.jdt.ui.PackageExplorer</originId>
	<structureKind>java</structureKind>
	<structureHandle>=slf4j/slf4j-log4j12\/src\/main\/java&lt;org.slf4j.impl{StaticMarkerBinder.java[StaticMarkerBinder</structureHandle>
	<navigation>null</navigation>
	<delta></delta>
	<interestContribution>0.0</interestContribution>
</interactionEvent>
<interactionEvent>
	<kind>selection</kind>
	<date>2015-10-03 23:32:42.237 UTC</date>
	<endDate>2015-10-03 23:32:42.237 UTC</endDate>
	<originId>org.eclipse.jdt.ui.PackageExplorer</originId>
	<structureKind>java</structureKind>
	<structureHandle>=slf4j/slf4j-log4j12\/src\/main\/java&lt;org.slf4j.impl{StaticMarkerBinder.java[StaticMarkerBinder</structureHandle>
	<navigation>null</navigation>
	<delta></delta>
	<interestContribution>0.0</interestContribution>
</interactionEvent>
<interactionEvent>
	<kind>selection</kind>
	<date>2015-10-03 23:32:42.239 UTC</date>
	<endDate>2015-10-03 23:32:42.239 UTC</endDate>
	<originId>org.eclipse.jdt.ui.PackageExplorer</originId>
	<structureKind>java</structureKind>
	<structureHandle>=slf4j/slf4j-log4j12\/src\/main\/java&lt;org.slf4j.impl{StaticMarkerBinder.java[StaticMarkerBinder</structureHandle>
	<navigation>null</navigation>
	<delta></delta>
	<interestContribution>0.0</interestContribution>
</interactionEvent>
<interactionEvent>
	<kind>selection</kind>
	<date>2015-10-03 23:32:47.211 UTC</date>
	<endDate>2015-10-03 23:32:47.211 UTC</endDate>
	<originId>org.eclipse.jdt.ui.PackageExplorer</originId>
	<structureKind>java</structureKind>
	<structureHandle>=slf4j/slf4j-log4j12\/src\/main\/java&lt;org.slf4j.impl{StaticMarkerBinder.java[StaticMarkerBinder~StaticMarkerBinder</structureHandle>
	<navigation>null</navigation>
	<delta></delta>
	<interestContribution>0.0</interestContribution>
</interactionEvent>
<interactionEvent>
	<kind>selection</kind>
	<date>2015-10-03 23:32:47.272 UTC</date>
	<endDate>2015-10-03 23:32:47.272 UTC</endDate>
	<originId>org.eclipse.jdt.ui.CompilationUnitEditor</originId>
	<structureKind>java</structureKind>
	<structureHandle>=slf4j/slf4j-log4j12\/src\/main\/java&lt;org.slf4j.impl{StaticMarkerBinder.java[StaticMarkerBinder</structureHandle>
	<navigation>null</navigation>
	<delta></delta>
	<interestContribution>0.0</interestContribution>
</interactionEvent>
<interactionEvent>
	<kind>edit</kind>
	<date>2015-10-03 23:32:47.354 UTC</date>
	<endDate>2015-10-03 23:32:47.354 UTC</endDate>
	<originId>org.eclipse.jdt.ui.CompilationUnitEditor</originId>
	<structureKind>java</structureKind>
	<structureHandle>=slf4j/slf4j-log4j12\/src\/main\/java&lt;org.slf4j.impl{StaticMarkerBinder.java[StaticMarkerBinder</structureHandle>
	<navigation>null</navigation>
	<delta></delta>
	<interestContribution>0.0</interestContribution>
</interactionEvent>
<interactionEvent>
	<kind>selection</kind>
	<date>2015-10-03 23:32:47.661 UTC</date>
	<endDate>2015-10-03 23:32:47.661 UTC</endDate>
	<originId>org.eclipse.jdt.ui.PackageExplorer</originId>
	<structureKind>java</structureKind>
	<structureHandle>=slf4j/slf4j-log4j12\/src\/main\/java&lt;org.slf4j.impl{StaticMarkerBinder.java[StaticMarkerBinder~StaticMarkerBinder</structureHandle>
	<navigation>null</navigation>
	<delta></delta>
	<interestContribution>0.0</interestContribution>
</interactionEvent>
<interactionEvent>
	<kind>selection</kind>
	<date>2015-10-03 23:32:47.993 UTC</date>
	<endDate>2015-10-03 23:32:47.993 UTC</endDate>
	<originId>org.eclipse.jdt.ui.PackageExplorer</originId>
	<structureKind>java</structureKind>
	<structureHandle>=slf4j/slf4j-log4j12\/src\/main\/java&lt;org.slf4j.impl{StaticMarkerBinder.java[StaticMarkerBinder~StaticMarkerBinder</structureHandle>
	<navigation>null</navigation>
	<delta></delta>
	<interestContribution>0.0</interestContribution>
</interactionEvent>
<interactionEvent>
	<kind>selection</kind>
	<date>2015-10-03 23:32:50.461 UTC</date>
	<endDate>2015-10-03 23:32:50.461 UTC</endDate>
	<originId>org.eclipse.jdt.ui.PackageExplorer</originId>
	<structureKind>java</structureKind>
	<structureHandle>=slf4j/slf4j-log4j12\/src\/main\/java&lt;org.slf4j.impl{StaticMarkerBinder.java[StaticMarkerBinder~getMarkerFactory</structureHandle>
	<navigation>null</navigation>
	<delta></delta>
	<interestContribution>0.0</interestContribution>
</interactionEvent>
<interactionEvent>
	<kind>selection</kind>
	<date>2015-10-03 23:32:50.503 UTC</date>
	<endDate>2015-10-03 23:32:50.503 UTC</endDate>
	<originId>org.eclipse.jdt.ui.CompilationUnitEditor</originId>
	<structureKind>java</structureKind>
	<structureHandle>=slf4j/slf4j-log4j12\/src\/main\/java&lt;org.slf4j.impl{StaticMarkerBinder.java[StaticMarkerBinder~StaticMarkerBinder</structureHandle>
	<navigation>null</navigation>
	<delta></delta>
	<interestContribution>0.0</interestContribution>
</interactionEvent>
<interactionEvent>
	<kind>edit</kind>
	<date>2015-10-03 23:32:50.557 UTC</date>
	<endDate>2015-10-03 23:32:50.557 UTC</endDate>
	<originId>org.eclipse.jdt.ui.CompilationUnitEditor</originId>
	<structureKind>java</structureKind>
	<structureHandle>=slf4j/slf4j-log4j12\/src\/main\/java&lt;org.slf4j.impl{StaticMarkerBinder.java[StaticMarkerBinder~StaticMarkerBinder</structureHandle>
	<navigation>null</navigation>
	<delta></delta>
	<interestContribution>0.0</interestContribution>
</interactionEvent>
<interactionEvent>
	<kind>selection</kind>
	<date>2015-10-03 23:32:51.126 UTC</date>
	<endDate>2015-10-03 23:32:51.126 UTC</endDate>
	<originId>org.eclipse.jdt.ui.PackageExplorer</originId>
	<structureKind>java</structureKind>
	<structureHandle>=slf4j/slf4j-log4j12\/src\/main\/java&lt;org.slf4j.impl{StaticMarkerBinder.java[StaticMarkerBinder~getMarkerFactory</structureHandle>
	<navigation>null</navigation>
	<delta></delta>
	<interestContribution>0.0</interestContribution>
</interactionEvent>
<interactionEvent>
	<kind>selection</kind>
	<date>2015-10-03 23:32:51.419 UTC</date>
	<endDate>2015-10-03 23:32:51.419 UTC</endDate>
	<originId>org.eclipse.jdt.ui.PackageExplorer</originId>
	<structureKind>java</structureKind>
	<structureHandle>=slf4j/slf4j-log4j12\/src\/main\/java&lt;org.slf4j.impl{StaticMarkerBinder.java[StaticMarkerBinder~getMarkerFactory</structureHandle>
	<navigation>null</navigation>
	<delta></delta>
	<interestContribution>0.0</interestContribution>
</interactionEvent>
<interactionEvent>
	<kind>selection</kind>
	<date>2015-10-03 23:32:53.180 UTC</date>
	<endDate>2015-10-03 23:32:53.180 UTC</endDate>
	<originId>org.eclipse.jdt.ui.PackageExplorer</originId>
	<structureKind>java</structureKind>
	<structureHandle>=slf4j/slf4j-log4j12\/src\/main\/java&lt;org.slf4j.impl{StaticMDCBinder.java</structureHandle>
	<navigation>null</navigation>
	<delta></delta>
	<interestContribution>0.0</interestContribution>
</interactionEvent>
<interactionEvent>
	<kind>edit</kind>
	<date>2015-10-03 23:32:54.102 UTC</date>
	<endDate>2015-10-03 23:32:54.102 UTC</endDate>
	<originId>org.eclipse.jdt.ui.CompilationUnitEditor</originId>
	<structureKind>java</structureKind>
	<structureHandle>=slf4j/slf4j-log4j12\/src\/main\/java&lt;org.slf4j.impl{StaticMDCBinder.java</structureHandle>
	<navigation>null</navigation>
	<delta></delta>
	<interestContribution>0.0</interestContribution>
</interactionEvent>
<interactionEvent>
	<kind>selection</kind>
	<date>2015-10-03 23:32:54.619 UTC</date>
	<endDate>2015-10-03 23:32:54.619 UTC</endDate>
	<originId>org.eclipse.jdt.ui.PackageExplorer</originId>
	<structureKind>java</structureKind>
	<structureHandle>=slf4j/slf4j-log4j12\/src\/main\/java&lt;org.slf4j.impl{StaticMDCBinder.java</structureHandle>
	<navigation>null</navigation>
	<delta></delta>
	<interestContribution>0.0</interestContribution>
</interactionEvent>
<interactionEvent>
	<kind>selection</kind>
	<date>2015-10-03 23:32:54.972 UTC</date>
	<endDate>2015-10-03 23:32:54.972 UTC</endDate>
	<originId>org.eclipse.jdt.ui.PackageExplorer</originId>
	<structureKind>java</structureKind>
	<structureHandle>=slf4j/slf4j-log4j12\/src\/main\/java&lt;org.slf4j.impl{StaticMDCBinder.java</structureHandle>
	<navigation>null</navigation>
	<delta></delta>
	<interestContribution>0.0</interestContribution>
</interactionEvent>
<interactionEvent>
	<kind>selection</kind>
	<date>2015-10-03 23:32:58.263 UTC</date>
	<endDate>2015-10-03 23:32:58.263 UTC</endDate>
	<originId>org.eclipse.jdt.ui.PackageExplorer</originId>
	<structureKind>java</structureKind>
	<structureHandle>=slf4j/slf4j-log4j12\/src\/main\/java&lt;org.slf4j.impl{StaticMarkerBinder.java[StaticMarkerBinder~StaticMarkerBinder</structureHandle>
	<navigation>null</navigation>
	<delta></delta>
	<interestContribution>0.0</interestContribution>
</interactionEvent>
<interactionEvent>
	<kind>selection</kind>
	<date>2015-10-03 23:33:09.346 UTC</date>
	<endDate>2015-10-03 23:33:09.346 UTC</endDate>
	<originId>org.eclipse.jdt.ui.CompilationUnitEditor</originId>
	<structureKind>java</structureKind>
	<structureHandle>=slf4j/slf4j-log4j12\/src\/main\/java&lt;org.slf4j.impl{StaticLoggerBinder.java</structureHandle>
	<navigation>null</navigation>
	<delta></delta>
	<interestContribution>0.0</interestContribution>
</interactionEvent>
<interactionEvent>
	<kind>edit</kind>
	<date>2015-10-03 23:33:09.419 UTC</date>
	<endDate>2015-10-03 23:33:09.419 UTC</endDate>
	<originId>org.eclipse.jdt.ui.CompilationUnitEditor</originId>
	<structureKind>java</structureKind>
	<structureHandle>=slf4j/slf4j-log4j12\/src\/main\/java&lt;org.slf4j.impl{StaticLoggerBinder.java</structureHandle>
	<navigation>null</navigation>
	<delta></delta>
	<interestContribution>0.0</interestContribution>
</interactionEvent>
<interactionEvent>
	<kind>selection</kind>
	<date>2015-10-03 23:33:09.899 UTC</date>
	<endDate>2015-10-03 23:33:09.899 UTC</endDate>
	<originId>org.eclipse.jdt.ui.PackageExplorer</originId>
	<structureKind>java</structureKind>
	<structureHandle>=slf4j/slf4j-log4j12\/src\/main\/java&lt;org.slf4j.impl{StaticLoggerBinder.java[StaticLoggerBinder~getSingleton</structureHandle>
	<navigation>null</navigation>
	<delta></delta>
	<interestContribution>0.0</interestContribution>
</interactionEvent>
<interactionEvent>
	<kind>selection</kind>
	<date>2015-10-03 23:33:10.118 UTC</date>
	<endDate>2015-10-03 23:33:10.118 UTC</endDate>
	<originId>org.eclipse.jdt.ui.PackageExplorer</originId>
	<structureKind>java</structureKind>
	<structureHandle>=slf4j/slf4j-log4j12\/src\/main\/java&lt;org.slf4j.impl{StaticLoggerBinder.java[StaticLoggerBinder~getSingleton</structureHandle>
	<navigation>null</navigation>
	<delta></delta>
	<interestContribution>0.0</interestContribution>
</interactionEvent>
<interactionEvent>
	<kind>selection</kind>
	<date>2015-10-03 23:33:10.119 UTC</date>
	<endDate>2015-10-03 23:33:10.119 UTC</endDate>
	<originId>org.eclipse.jdt.ui.PackageExplorer</originId>
	<structureKind>java</structureKind>
	<structureHandle>=slf4j/slf4j-log4j12\/src\/main\/java&lt;org.slf4j.impl{StaticLoggerBinder.java[StaticLoggerBinder~getSingleton</structureHandle>
	<navigation>null</navigation>
	<delta></delta>
	<interestContribution>0.0</interestContribution>
</interactionEvent>
<interactionEvent>
	<kind>selection</kind>
	<date>2015-10-03 23:33:13.596 UTC</date>
	<endDate>2015-10-03 23:33:13.596 UTC</endDate>
	<originId>org.eclipse.jdt.ui.PackageExplorer</originId>
	<structureKind>java</structureKind>
	<structureHandle>=slf4j/slf4j-log4j12\/src\/main\/java&lt;org.slf4j.impl{StaticLoggerBinder.java[StaticLoggerBinder</structureHandle>
	<navigation>null</navigation>
	<delta></delta>
	<interestContribution>0.0</interestContribution>
</interactionEvent>
<interactionEvent>
	<kind>selection</kind>
	<date>2015-10-03 23:33:14.688 UTC</date>
	<endDate>2015-10-03 23:33:14.688 UTC</endDate>
	<originId>org.eclipse.jdt.ui.PackageExplorer</originId>
	<structureKind>java</structureKind>
	<structureHandle>=slf4j/slf4j-log4j12\/src\/main\/java&lt;org.slf4j.impl{StaticLoggerBinder.java[StaticLoggerBinder</structureHandle>
	<navigation>null</navigation>
	<delta></delta>
	<interestContribution>0.0</interestContribution>
</interactionEvent>
<interactionEvent>
	<kind>selection</kind>
	<date>2015-10-03 23:33:14.808 UTC</date>
	<endDate>2015-10-03 23:33:14.808 UTC</endDate>
	<originId>org.eclipse.jdt.ui.CompilationUnitEditor</originId>
	<structureKind>java</structureKind>
	<structureHandle>=slf4j/slf4j-log4j12\/src\/main\/java&lt;org.slf4j.impl{StaticLoggerBinder.java[StaticLoggerBinder~getSingleton</structureHandle>
	<navigation>null</navigation>
	<delta></delta>
	<interestContribution>0.0</interestContribution>
</interactionEvent>
<interactionEvent>
	<kind>edit</kind>
	<date>2015-10-03 23:33:14.851 UTC</date>
	<endDate>2015-10-03 23:33:14.851 UTC</endDate>
	<originId>org.eclipse.jdt.ui.CompilationUnitEditor</originId>
	<structureKind>java</structureKind>
	<structureHandle>=slf4j/slf4j-log4j12\/src\/main\/java&lt;org.slf4j.impl{StaticLoggerBinder.java[StaticLoggerBinder~getSingleton</structureHandle>
	<navigation>null</navigation>
	<delta></delta>
	<interestContribution>0.0</interestContribution>
</interactionEvent>
<interactionEvent>
	<kind>selection</kind>
	<date>2015-10-03 23:33:15.539 UTC</date>
	<endDate>2015-10-03 23:33:15.539 UTC</endDate>
	<originId>org.eclipse.jdt.ui.PackageExplorer</originId>
	<structureKind>java</structureKind>
	<structureHandle>=slf4j/slf4j-log4j12\/src\/main\/java&lt;org.slf4j.impl{StaticLoggerBinder.java[StaticLoggerBinder</structureHandle>
	<navigation>null</navigation>
	<delta></delta>
	<interestContribution>0.0</interestContribution>
</interactionEvent>
<interactionEvent>
	<kind>selection</kind>
	<date>2015-10-03 23:33:15.842 UTC</date>
	<endDate>2015-10-03 23:33:15.842 UTC</endDate>
	<originId>org.eclipse.jdt.ui.PackageExplorer</originId>
	<structureKind>java</structureKind>
	<structureHandle>=slf4j/slf4j-log4j12\/src\/main\/java&lt;org.slf4j.impl{StaticLoggerBinder.java[StaticLoggerBinder</structureHandle>
	<navigation>null</navigation>
	<delta></delta>
	<interestContribution>0.0</interestContribution>
</interactionEvent>
<interactionEvent>
	<kind>selection</kind>
	<date>2015-10-03 23:33:23.931 UTC</date>
	<endDate>2015-10-03 23:33:23.931 UTC</endDate>
	<originId>org.eclipse.jdt.ui.PackageExplorer</originId>
	<structureKind>java</structureKind>
	<structureHandle>=slf4j/slf4j-log4j12\/src\/main\/java&lt;org.slf4j.impl{StaticLoggerBinder.java[StaticLoggerBinder</structureHandle>
	<navigation>null</navigation>
	<delta></delta>
	<interestContribution>0.0</interestContribution>
</interactionEvent>
<interactionEvent>
	<kind>selection</kind>
	<date>2015-10-03 23:33:26.872 UTC</date>
	<endDate>2015-10-03 23:33:26.872 UTC</endDate>
	<originId>org.eclipse.jdt.ui.PackageExplorer</originId>
	<structureKind>java</structureKind>
	<structureHandle>=slf4j/slf4j-log4j12\/src\/main\/java&lt;org.slf4j.impl{Log4jMDCAdapter.java</structureHandle>
	<navigation>null</navigation>
	<delta></delta>
	<interestContribution>0.0</interestContribution>
</interactionEvent>
<interactionEvent>
	<kind>selection</kind>
	<date>2015-10-03 23:33:46.582 UTC</date>
	<endDate>2015-10-03 23:33:46.582 UTC</endDate>
	<originId>org.eclipse.jdt.ui.PackageExplorer</originId>
	<structureKind>java</structureKind>
	<structureHandle>=slf4j/slf4j-log4j12\/src\/main\/java&lt;org.slf4j.impl{Log4jLoggerFactory.java[Log4jLoggerFactory~Log4jLoggerFactory</structureHandle>
	<navigation>null</navigation>
	<delta></delta>
	<interestContribution>0.0</interestContribution>
</interactionEvent>
<interactionEvent>
	<kind>selection</kind>
	<date>2015-10-03 23:33:46.686 UTC</date>
	<endDate>2015-10-03 23:33:46.686 UTC</endDate>
	<originId>org.eclipse.jdt.ui.CompilationUnitEditor</originId>
	<structureKind>java</structureKind>
	<structureHandle>=slf4j/slf4j-log4j12\/src\/main\/java&lt;org.slf4j.impl{Log4jLoggerFactory.java</structureHandle>
	<navigation>null</navigation>
	<delta></delta>
	<interestContribution>0.0</interestContribution>
</interactionEvent>
<interactionEvent>
	<kind>edit</kind>
	<date>2015-10-03 23:33:46.733 UTC</date>
	<endDate>2015-10-03 23:33:46.733 UTC</endDate>
	<originId>org.eclipse.jdt.ui.CompilationUnitEditor</originId>
	<structureKind>java</structureKind>
	<structureHandle>=slf4j/slf4j-log4j12\/src\/main\/java&lt;org.slf4j.impl{Log4jLoggerFactory.java</structureHandle>
	<navigation>null</navigation>
	<delta></delta>
	<interestContribution>0.0</interestContribution>
</interactionEvent>
<interactionEvent>
	<kind>selection</kind>
	<date>2015-10-03 23:33:47.401 UTC</date>
	<endDate>2015-10-03 23:33:47.401 UTC</endDate>
	<originId>org.eclipse.jdt.ui.PackageExplorer</originId>
	<structureKind>java</structureKind>
	<structureHandle>=slf4j/slf4j-log4j12\/src\/main\/java&lt;org.slf4j.impl{Log4jLoggerFactory.java[Log4jLoggerFactory~Log4jLoggerFactory</structureHandle>
	<navigation>null</navigation>
	<delta></delta>
	<interestContribution>0.0</interestContribution>
</interactionEvent>
<interactionEvent>
	<kind>selection</kind>
	<date>2015-10-03 23:33:47.607 UTC</date>
	<endDate>2015-10-03 23:33:47.607 UTC</endDate>
	<originId>org.eclipse.jdt.ui.PackageExplorer</originId>
	<structureKind>java</structureKind>
	<structureHandle>=slf4j/slf4j-log4j12\/src\/main\/java&lt;org.slf4j.impl{Log4jLoggerFactory.java[Log4jLoggerFactory~Log4jLoggerFactory</structureHandle>
	<navigation>null</navigation>
	<delta></delta>
	<interestContribution>0.0</interestContribution>
</interactionEvent>
<interactionEvent>
	<kind>selection</kind>
	<date>2015-10-03 23:33:49.407 UTC</date>
	<endDate>2015-10-03 23:33:49.407 UTC</endDate>
	<originId>org.eclipse.jdt.ui.PackageExplorer</originId>
	<structureKind>java</structureKind>
	<structureHandle>=slf4j/slf4j-log4j12\/src\/main\/java&lt;org.slf4j.impl{Log4jLoggerFactory.java[Log4jLoggerFactory</structureHandle>
	<navigation>null</navigation>
	<delta></delta>
	<interestContribution>0.0</interestContribution>
</interactionEvent>
<interactionEvent>
	<kind>selection</kind>
	<date>2015-10-03 23:33:49.564 UTC</date>
	<endDate>2015-10-03 23:33:49.564 UTC</endDate>
	<originId>org.eclipse.jdt.ui.CompilationUnitEditor</originId>
	<structureKind>java</structureKind>
	<structureHandle>=slf4j/slf4j-log4j12\/src\/main\/java&lt;org.slf4j.impl{Log4jLoggerFactory.java[Log4jLoggerFactory~Log4jLoggerFactory</structureHandle>
	<navigation>null</navigation>
	<delta></delta>
	<interestContribution>0.0</interestContribution>
</interactionEvent>
<interactionEvent>
	<kind>edit</kind>
	<date>2015-10-03 23:33:49.610 UTC</date>
	<endDate>2015-10-03 23:33:49.610 UTC</endDate>
	<originId>org.eclipse.jdt.ui.CompilationUnitEditor</originId>
	<structureKind>java</structureKind>
	<structureHandle>=slf4j/slf4j-log4j12\/src\/main\/java&lt;org.slf4j.impl{Log4jLoggerFactory.java[Log4jLoggerFactory~Log4jLoggerFactory</structureHandle>
	<navigation>null</navigation>
	<delta></delta>
	<interestContribution>0.0</interestContribution>
</interactionEvent>
<interactionEvent>
	<kind>selection</kind>
	<date>2015-10-03 23:33:50.638 UTC</date>
	<endDate>2015-10-03 23:33:50.638 UTC</endDate>
	<originId>org.eclipse.jdt.ui.PackageExplorer</originId>
	<structureKind>java</structureKind>
	<structureHandle>=slf4j/slf4j-log4j12\/src\/main\/java&lt;org.slf4j.impl{Log4jLoggerFactory.java[Log4jLoggerFactory</structureHandle>
	<navigation>null</navigation>
	<delta></delta>
	<interestContribution>0.0</interestContribution>
</interactionEvent>
<interactionEvent>
	<kind>selection</kind>
	<date>2015-10-03 23:33:50.981 UTC</date>
	<endDate>2015-10-03 23:33:50.981 UTC</endDate>
	<originId>org.eclipse.jdt.ui.PackageExplorer</originId>
	<structureKind>java</structureKind>
	<structureHandle>=slf4j/slf4j-log4j12\/src\/main\/java&lt;org.slf4j.impl{Log4jLoggerFactory.java[Log4jLoggerFactory</structureHandle>
	<navigation>null</navigation>
	<delta></delta>
	<interestContribution>0.0</interestContribution>
</interactionEvent>
<interactionEvent>
	<kind>selection</kind>
	<date>2015-10-03 23:33:51.597 UTC</date>
	<endDate>2015-10-03 23:33:51.597 UTC</endDate>
	<originId>org.eclipse.jdt.ui.PackageExplorer</originId>
	<structureKind>java</structureKind>
	<structureHandle>=slf4j/slf4j-log4j12\/src\/main\/java&lt;org.slf4j.impl{Log4jLoggerFactory.java</structureHandle>
	<navigation>null</navigation>
	<delta></delta>
	<interestContribution>0.0</interestContribution>
</interactionEvent>
<interactionEvent>
	<kind>selection</kind>
	<date>2015-10-03 23:33:51.666 UTC</date>
	<endDate>2015-10-03 23:33:51.666 UTC</endDate>
	<originId>org.eclipse.jdt.ui.CompilationUnitEditor</originId>
	<structureKind>java</structureKind>
	<structureHandle>=slf4j/slf4j-log4j12\/src\/main\/java&lt;org.slf4j.impl{Log4jLoggerFactory.java[Log4jLoggerFactory</structureHandle>
	<navigation>null</navigation>
	<delta></delta>
	<interestContribution>0.0</interestContribution>
</interactionEvent>
<interactionEvent>
	<kind>edit</kind>
	<date>2015-10-03 23:33:51.683 UTC</date>
	<endDate>2015-10-03 23:33:51.683 UTC</endDate>
	<originId>org.eclipse.jdt.ui.CompilationUnitEditor</originId>
	<structureKind>java</structureKind>
	<structureHandle>=slf4j/slf4j-log4j12\/src\/main\/java&lt;org.slf4j.impl{Log4jLoggerFactory.java[Log4jLoggerFactory</structureHandle>
	<navigation>null</navigation>
	<delta></delta>
	<interestContribution>0.0</interestContribution>
</interactionEvent>
<interactionEvent>
	<kind>selection</kind>
	<date>2015-10-03 23:33:52.75 UTC</date>
	<endDate>2015-10-03 23:33:52.75 UTC</endDate>
	<originId>org.eclipse.jdt.ui.PackageExplorer</originId>
	<structureKind>java</structureKind>
	<structureHandle>=slf4j/slf4j-log4j12\/src\/main\/java&lt;org.slf4j.impl{Log4jLoggerFactory.java</structureHandle>
	<navigation>null</navigation>
	<delta></delta>
	<interestContribution>0.0</interestContribution>
</interactionEvent>
<interactionEvent>
	<kind>selection</kind>
	<date>2015-10-03 23:33:52.301 UTC</date>
	<endDate>2015-10-03 23:33:52.301 UTC</endDate>
	<originId>org.eclipse.jdt.ui.PackageExplorer</originId>
	<structureKind>java</structureKind>
	<structureHandle>=slf4j/slf4j-log4j12\/src\/main\/java&lt;org.slf4j.impl{Log4jLoggerFactory.java</structureHandle>
	<navigation>null</navigation>
	<delta></delta>
	<interestContribution>0.0</interestContribution>
</interactionEvent>
<interactionEvent>
	<kind>selection</kind>
	<date>2015-10-03 23:41:42.974 UTC</date>
	<endDate>2015-10-03 23:41:42.974 UTC</endDate>
	<originId>org.eclipse.jdt.ui.PackageExplorer</originId>
	<structureKind>java</structureKind>
	<structureHandle>=slf4j/slf4j-log4j12\/src\/main\/java&lt;org.slf4j.impl{Log4jLoggerFactory.java</structureHandle>
	<navigation>null</navigation>
	<delta></delta>
	<interestContribution>0.0</interestContribution>
</interactionEvent>
</user1>
