<user1>
<interactionEvent>
	<kind>selection</kind>
	<date>2015-11-27 15:54:40.174 UTC</date>
	<endDate>2015-11-27 15:54:40.174 UTC</endDate>
	<originId>org.eclipse.jdt.ui.PackageExplorer</originId>
	<structureKind>?: class org.eclipse.core.internal.resources.Project</structureKind>
	<structureHandle>/JHotDraw52</structureHandle>
	<navigation>null</navigation>
	<delta></delta>
	<interestContribution>0.0</interestContribution>
</interactionEvent>
<interactionEvent>
	<kind>selection</kind>
	<date>2015-11-27 15:54:40.205 UTC</date>
	<endDate>2015-11-27 15:54:40.205 UTC</endDate>
	<originId>org.eclipse.jdt.ui.PackageExplorer</originId>
	<structureKind>?: class org.eclipse.core.internal.resources.Project</structureKind>
	<structureHandle>/JHotDraw52</structureHandle>
	<navigation>null</navigation>
	<delta></delta>
	<interestContribution>0.0</interestContribution>
</interactionEvent>
<interactionEvent>
	<kind>selection</kind>
	<date>2015-11-27 15:57:42.225 UTC</date>
	<endDate>2015-11-27 15:57:42.225 UTC</endDate>
	<originId>org.eclipse.jdt.ui.PackageExplorer</originId>
	<structureKind>?: class org.eclipse.core.internal.resources.Project</structureKind>
	<structureHandle>/JHotDraw52</structureHandle>
	<navigation>null</navigation>
	<delta></delta>
	<interestContribution>0.0</interestContribution>
</interactionEvent>
<interactionEvent>
	<kind>selection</kind>
	<date>2015-11-27 15:57:42.389 UTC</date>
	<endDate>2015-11-27 15:57:42.389 UTC</endDate>
	<originId>org.eclipse.jdt.ui.PackageExplorer</originId>
	<structureKind>?: class org.eclipse.core.internal.resources.Project</structureKind>
	<structureHandle>/JHotDraw52</structureHandle>
	<navigation>null</navigation>
	<delta></delta>
	<interestContribution>0.0</interestContribution>
</interactionEvent>
</user1>
