<user1>
<interactionEvent>
	<kind>selection</kind>
	<date>2015-10-03 22:59:16.139 UTC</date>
	<endDate>2015-10-03 22:59:16.139 UTC</endDate>
	<originId>org.eclipse.jdt.ui.PackageExplorer</originId>
	<structureKind>java</structureKind>
	<structureHandle>=slf4j/log4j-over-slf4j\/compatibility\/src\/main\/java&lt;test{Log4j13Calls.java</structureHandle>
	<navigation>null</navigation>
	<delta></delta>
	<interestContribution>0.0</interestContribution>
</interactionEvent>
<interactionEvent>
	<kind>selection</kind>
	<date>2015-10-03 22:59:17.734 UTC</date>
	<endDate>2015-10-03 22:59:17.734 UTC</endDate>
	<originId>org.eclipse.jdt.ui.PackageExplorer</originId>
	<structureKind>java</structureKind>
	<structureHandle>=slf4j/slf4j-api\/src\/main\/java&lt;org.slf4j{IMarkerFactory.java</structureHandle>
	<navigation>null</navigation>
	<delta></delta>
	<interestContribution>0.0</interestContribution>
</interactionEvent>
<interactionEvent>
	<kind>edit</kind>
	<date>2015-10-03 22:59:18.373 UTC</date>
	<endDate>2015-10-03 22:59:18.373 UTC</endDate>
	<originId>org.eclipse.jdt.ui.CompilationUnitEditor</originId>
	<structureKind>java</structureKind>
	<structureHandle>=slf4j/slf4j-api\/src\/main\/java&lt;org.slf4j{IMarkerFactory.java</structureHandle>
	<navigation>null</navigation>
	<delta></delta>
	<interestContribution>0.0</interestContribution>
</interactionEvent>
<interactionEvent>
	<kind>selection</kind>
	<date>2015-10-03 22:59:18.802 UTC</date>
	<endDate>2015-10-03 22:59:18.802 UTC</endDate>
	<originId>org.eclipse.jdt.ui.PackageExplorer</originId>
	<structureKind>java</structureKind>
	<structureHandle>=slf4j/slf4j-api\/src\/main\/java&lt;org.slf4j{IMarkerFactory.java</structureHandle>
	<navigation>null</navigation>
	<delta></delta>
	<interestContribution>0.0</interestContribution>
</interactionEvent>
<interactionEvent>
	<kind>selection</kind>
	<date>2015-10-03 22:59:18.986 UTC</date>
	<endDate>2015-10-03 22:59:18.986 UTC</endDate>
	<originId>org.eclipse.jdt.ui.PackageExplorer</originId>
	<structureKind>java</structureKind>
	<structureHandle>=slf4j/slf4j-api\/src\/main\/java&lt;org.slf4j{IMarkerFactory.java</structureHandle>
	<navigation>null</navigation>
	<delta></delta>
	<interestContribution>0.0</interestContribution>
</interactionEvent>
<interactionEvent>
	<kind>selection</kind>
	<date>2015-10-03 22:59:30.570 UTC</date>
	<endDate>2015-10-03 22:59:30.570 UTC</endDate>
	<originId>org.eclipse.jdt.ui.PackageExplorer</originId>
	<structureKind>java</structureKind>
	<structureHandle>=slf4j/slf4j-api\/src\/main\/java&lt;org.slf4j{IMarkerFactory.java</structureHandle>
	<navigation>null</navigation>
	<delta></delta>
	<interestContribution>0.0</interestContribution>
</interactionEvent>
<interactionEvent>
	<kind>selection</kind>
	<date>2015-10-03 22:59:30.737 UTC</date>
	<endDate>2015-10-03 22:59:30.737 UTC</endDate>
	<originId>org.eclipse.jdt.ui.PackageExplorer</originId>
	<structureKind>java</structureKind>
	<structureHandle>=slf4j/slf4j-api\/src\/main\/java&lt;org.slf4j{Logger.java</structureHandle>
	<navigation>null</navigation>
	<delta></delta>
	<interestContribution>0.0</interestContribution>
</interactionEvent>
<interactionEvent>
	<kind>selection</kind>
	<date>2015-10-03 22:59:33.442 UTC</date>
	<endDate>2015-10-03 22:59:33.442 UTC</endDate>
	<originId>org.eclipse.jdt.ui.PackageExplorer</originId>
	<structureKind>java</structureKind>
	<structureHandle>=slf4j/slf4j-api\/src\/main\/java&lt;org.slf4j{Logger.java</structureHandle>
	<navigation>null</navigation>
	<delta></delta>
	<interestContribution>0.0</interestContribution>
</interactionEvent>
<interactionEvent>
	<kind>edit</kind>
	<date>2015-10-03 22:59:34.391 UTC</date>
	<endDate>2015-10-03 22:59:34.391 UTC</endDate>
	<originId>org.eclipse.jdt.ui.CompilationUnitEditor</originId>
	<structureKind>java</structureKind>
	<structureHandle>=slf4j/slf4j-api\/src\/main\/java&lt;org.slf4j{Logger.java</structureHandle>
	<navigation>null</navigation>
	<delta></delta>
	<interestContribution>0.0</interestContribution>
</interactionEvent>
<interactionEvent>
	<kind>selection</kind>
	<date>2015-10-03 22:59:34.980 UTC</date>
	<endDate>2015-10-03 22:59:34.980 UTC</endDate>
	<originId>org.eclipse.jdt.ui.PackageExplorer</originId>
	<structureKind>java</structureKind>
	<structureHandle>=slf4j/slf4j-api\/src\/main\/java&lt;org.slf4j{Logger.java</structureHandle>
	<navigation>null</navigation>
	<delta></delta>
	<interestContribution>0.0</interestContribution>
</interactionEvent>
<interactionEvent>
	<kind>selection</kind>
	<date>2015-10-03 22:59:35.238 UTC</date>
	<endDate>2015-10-03 22:59:35.238 UTC</endDate>
	<originId>org.eclipse.jdt.ui.PackageExplorer</originId>
	<structureKind>java</structureKind>
	<structureHandle>=slf4j/slf4j-api\/src\/main\/java&lt;org.slf4j{Logger.java</structureHandle>
	<navigation>null</navigation>
	<delta></delta>
	<interestContribution>0.0</interestContribution>
</interactionEvent>
<interactionEvent>
	<kind>selection</kind>
	<date>2015-10-03 22:59:45.685 UTC</date>
	<endDate>2015-10-03 22:59:45.685 UTC</endDate>
	<originId>org.eclipse.jdt.ui.PackageExplorer</originId>
	<structureKind>java</structureKind>
	<structureHandle>=slf4j/slf4j-api\/src\/test\/java</structureHandle>
	<navigation>null</navigation>
	<delta></delta>
	<interestContribution>0.0</interestContribution>
</interactionEvent>
<interactionEvent>
	<kind>selection</kind>
	<date>2015-10-03 22:59:52.519 UTC</date>
	<endDate>2015-10-03 22:59:52.519 UTC</endDate>
	<originId>org.eclipse.jdt.ui.PackageExplorer</originId>
	<structureKind>java</structureKind>
	<structureHandle>=slf4j/slf4j-api\/src\/test\/java&lt;org.slf4j.helpers{BubbleSortTest.java</structureHandle>
	<navigation>null</navigation>
	<delta></delta>
	<interestContribution>0.0</interestContribution>
</interactionEvent>
<interactionEvent>
	<kind>edit</kind>
	<date>2015-10-03 22:59:53.210 UTC</date>
	<endDate>2015-10-03 22:59:53.210 UTC</endDate>
	<originId>org.eclipse.jdt.ui.CompilationUnitEditor</originId>
	<structureKind>java</structureKind>
	<structureHandle>=slf4j/slf4j-api\/src\/test\/java&lt;org.slf4j.helpers{BubbleSortTest.java</structureHandle>
	<navigation>null</navigation>
	<delta></delta>
	<interestContribution>0.0</interestContribution>
</interactionEvent>
<interactionEvent>
	<kind>selection</kind>
	<date>2015-10-03 22:59:53.709 UTC</date>
	<endDate>2015-10-03 22:59:53.709 UTC</endDate>
	<originId>org.eclipse.jdt.ui.PackageExplorer</originId>
	<structureKind>java</structureKind>
	<structureHandle>=slf4j/slf4j-api\/src\/test\/java&lt;org.slf4j.helpers{BubbleSortTest.java</structureHandle>
	<navigation>null</navigation>
	<delta></delta>
	<interestContribution>0.0</interestContribution>
</interactionEvent>
<interactionEvent>
	<kind>selection</kind>
	<date>2015-10-03 22:59:53.904 UTC</date>
	<endDate>2015-10-03 22:59:53.904 UTC</endDate>
	<originId>org.eclipse.jdt.ui.PackageExplorer</originId>
	<structureKind>java</structureKind>
	<structureHandle>=slf4j/slf4j-api\/src\/test\/java&lt;org.slf4j.helpers{BubbleSortTest.java</structureHandle>
	<navigation>null</navigation>
	<delta></delta>
	<interestContribution>0.0</interestContribution>
</interactionEvent>
<interactionEvent>
	<kind>selection</kind>
	<date>2015-10-03 22:59:54.731 UTC</date>
	<endDate>2015-10-03 22:59:54.731 UTC</endDate>
	<originId>org.eclipse.jdt.ui.PackageExplorer</originId>
	<structureKind>java</structureKind>
	<structureHandle>=slf4j/slf4j-api\/src\/test\/java&lt;org.slf4j.helpers{BubbleSort.java</structureHandle>
	<navigation>null</navigation>
	<delta></delta>
	<interestContribution>0.0</interestContribution>
</interactionEvent>
<interactionEvent>
	<kind>edit</kind>
	<date>2015-10-03 22:59:55.417 UTC</date>
	<endDate>2015-10-03 22:59:55.417 UTC</endDate>
	<originId>org.eclipse.jdt.ui.CompilationUnitEditor</originId>
	<structureKind>java</structureKind>
	<structureHandle>=slf4j/slf4j-api\/src\/test\/java&lt;org.slf4j.helpers{BubbleSort.java</structureHandle>
	<navigation>null</navigation>
	<delta></delta>
	<interestContribution>0.0</interestContribution>
</interactionEvent>
<interactionEvent>
	<kind>selection</kind>
	<date>2015-10-03 22:59:55.810 UTC</date>
	<endDate>2015-10-03 22:59:55.810 UTC</endDate>
	<originId>org.eclipse.jdt.ui.PackageExplorer</originId>
	<structureKind>java</structureKind>
	<structureHandle>=slf4j/slf4j-api\/src\/test\/java&lt;org.slf4j.helpers{BubbleSort.java</structureHandle>
	<navigation>null</navigation>
	<delta></delta>
	<interestContribution>0.0</interestContribution>
</interactionEvent>
<interactionEvent>
	<kind>selection</kind>
	<date>2015-10-03 22:59:55.972 UTC</date>
	<endDate>2015-10-03 22:59:55.972 UTC</endDate>
	<originId>org.eclipse.jdt.ui.PackageExplorer</originId>
	<structureKind>java</structureKind>
	<structureHandle>=slf4j/slf4j-api\/src\/test\/java&lt;org.slf4j.helpers{BubbleSort.java</structureHandle>
	<navigation>null</navigation>
	<delta></delta>
	<interestContribution>0.0</interestContribution>
</interactionEvent>
<interactionEvent>
	<kind>selection</kind>
	<date>2015-10-03 23:00:02.17 UTC</date>
	<endDate>2015-10-03 23:00:02.17 UTC</endDate>
	<originId>org.eclipse.jdt.ui.PackageExplorer</originId>
	<structureKind>java</structureKind>
	<structureHandle>=slf4j/slf4j-api\/src\/test\/java&lt;org.slf4j.helpers{BubbleSort.java</structureHandle>
	<navigation>null</navigation>
	<delta></delta>
	<interestContribution>0.0</interestContribution>
</interactionEvent>
<interactionEvent>
	<kind>selection</kind>
	<date>2015-10-03 23:00:02.817 UTC</date>
	<endDate>2015-10-03 23:00:02.817 UTC</endDate>
	<originId>org.eclipse.jdt.ui.CompilationUnitEditor</originId>
	<structureKind>java</structureKind>
	<structureHandle>=slf4j/slf4j-api\/src\/test\/java&lt;org.slf4j.helpers{MessageFormatterPerfTest.java</structureHandle>
	<navigation>null</navigation>
	<delta></delta>
	<interestContribution>0.0</interestContribution>
</interactionEvent>
<interactionEvent>
	<kind>selection</kind>
	<date>2015-10-03 23:00:03.370 UTC</date>
	<endDate>2015-10-03 23:00:03.370 UTC</endDate>
	<originId>org.eclipse.jdt.ui.PackageExplorer</originId>
	<structureKind>java</structureKind>
	<structureHandle>=slf4j/slf4j-api\/src\/test\/java&lt;org.slf4j.helpers{MessageFormatterPerfTest.java</structureHandle>
	<navigation>null</navigation>
	<delta></delta>
	<interestContribution>0.0</interestContribution>
</interactionEvent>
<interactionEvent>
	<kind>selection</kind>
	<date>2015-10-03 23:00:03.612 UTC</date>
	<endDate>2015-10-03 23:00:03.612 UTC</endDate>
	<originId>org.eclipse.jdt.ui.PackageExplorer</originId>
	<structureKind>java</structureKind>
	<structureHandle>=slf4j/slf4j-api\/src\/test\/java&lt;org.slf4j.helpers{MessageFormatterPerfTest.java</structureHandle>
	<navigation>null</navigation>
	<delta></delta>
	<interestContribution>0.0</interestContribution>
</interactionEvent>
<interactionEvent>
	<kind>selection</kind>
	<date>2015-10-03 23:00:03.626 UTC</date>
	<endDate>2015-10-03 23:00:03.626 UTC</endDate>
	<originId>org.eclipse.jdt.ui.PackageExplorer</originId>
	<structureKind>java</structureKind>
	<structureHandle>=slf4j/slf4j-api\/src\/test\/java&lt;org.slf4j.helpers{MessageFormatterPerfTest.java</structureHandle>
	<navigation>null</navigation>
	<delta></delta>
	<interestContribution>0.0</interestContribution>
</interactionEvent>
<interactionEvent>
	<kind>selection</kind>
	<date>2015-10-03 23:00:08.262 UTC</date>
	<endDate>2015-10-03 23:00:08.262 UTC</endDate>
	<originId>org.eclipse.jdt.ui.PackageExplorer</originId>
	<structureKind>java</structureKind>
	<structureHandle>=slf4j/slf4j-api\/src\/test\/java&lt;org.slf4j.helpers{MessageFormatterPerfTest.java</structureHandle>
	<navigation>null</navigation>
	<delta></delta>
	<interestContribution>0.0</interestContribution>
</interactionEvent>
<interactionEvent>
	<kind>selection</kind>
	<date>2015-10-03 23:00:09.211 UTC</date>
	<endDate>2015-10-03 23:00:09.211 UTC</endDate>
	<originId>org.eclipse.jdt.ui.CompilationUnitEditor</originId>
	<structureKind>java</structureKind>
	<structureHandle>=slf4j/slf4j-api\/src\/test\/java&lt;org.slf4j.helpers{MessageFormatterTest.java</structureHandle>
	<navigation>null</navigation>
	<delta></delta>
	<interestContribution>0.0</interestContribution>
</interactionEvent>
<interactionEvent>
	<kind>selection</kind>
	<date>2015-10-03 23:00:09.893 UTC</date>
	<endDate>2015-10-03 23:00:09.893 UTC</endDate>
	<originId>org.eclipse.jdt.ui.PackageExplorer</originId>
	<structureKind>java</structureKind>
	<structureHandle>=slf4j/slf4j-api\/src\/test\/java&lt;org.slf4j.helpers{MessageFormatterTest.java</structureHandle>
	<navigation>null</navigation>
	<delta></delta>
	<interestContribution>0.0</interestContribution>
</interactionEvent>
<interactionEvent>
	<kind>selection</kind>
	<date>2015-10-03 23:00:10.138 UTC</date>
	<endDate>2015-10-03 23:00:10.138 UTC</endDate>
	<originId>org.eclipse.jdt.ui.PackageExplorer</originId>
	<structureKind>java</structureKind>
	<structureHandle>=slf4j/slf4j-api\/src\/test\/java&lt;org.slf4j.helpers{MessageFormatterTest.java</structureHandle>
	<navigation>null</navigation>
	<delta></delta>
	<interestContribution>0.0</interestContribution>
</interactionEvent>
<interactionEvent>
	<kind>selection</kind>
	<date>2015-10-03 23:00:10.158 UTC</date>
	<endDate>2015-10-03 23:00:10.158 UTC</endDate>
	<originId>org.eclipse.jdt.ui.PackageExplorer</originId>
	<structureKind>java</structureKind>
	<structureHandle>=slf4j/slf4j-api\/src\/test\/java&lt;org.slf4j.helpers{MessageFormatterTest.java</structureHandle>
	<navigation>null</navigation>
	<delta></delta>
	<interestContribution>0.0</interestContribution>
</interactionEvent>
<interactionEvent>
	<kind>selection</kind>
	<date>2015-10-03 23:00:14.816 UTC</date>
	<endDate>2015-10-03 23:00:14.816 UTC</endDate>
	<originId>org.eclipse.jdt.ui.PackageExplorer</originId>
	<structureKind>java</structureKind>
	<structureHandle>=slf4j/slf4j-api\/src\/test\/java&lt;org.slf4j.helpers{MessageFormatterTest.java</structureHandle>
	<navigation>null</navigation>
	<delta></delta>
	<interestContribution>0.0</interestContribution>
</interactionEvent>
<interactionEvent>
	<kind>selection</kind>
	<date>2015-10-03 23:00:15.676 UTC</date>
	<endDate>2015-10-03 23:00:15.676 UTC</endDate>
	<originId>org.eclipse.jdt.ui.CompilationUnitEditor</originId>
	<structureKind>java</structureKind>
	<structureHandle>=slf4j/slf4j-api\/src\/test\/java&lt;org.slf4j.helpers{SubstitutableLoggerTest.java</structureHandle>
	<navigation>null</navigation>
	<delta></delta>
	<interestContribution>0.0</interestContribution>
</interactionEvent>
<interactionEvent>
	<kind>selection</kind>
	<date>2015-10-03 23:00:16.268 UTC</date>
	<endDate>2015-10-03 23:00:16.268 UTC</endDate>
	<originId>org.eclipse.jdt.ui.PackageExplorer</originId>
	<structureKind>java</structureKind>
	<structureHandle>=slf4j/slf4j-api\/src\/test\/java&lt;org.slf4j.helpers{SubstitutableLoggerTest.java</structureHandle>
	<navigation>null</navigation>
	<delta></delta>
	<interestContribution>0.0</interestContribution>
</interactionEvent>
<interactionEvent>
	<kind>selection</kind>
	<date>2015-10-03 23:00:16.446 UTC</date>
	<endDate>2015-10-03 23:00:16.446 UTC</endDate>
	<originId>org.eclipse.jdt.ui.PackageExplorer</originId>
	<structureKind>java</structureKind>
	<structureHandle>=slf4j/slf4j-api\/src\/test\/java&lt;org.slf4j.helpers{SubstitutableLoggerTest.java</structureHandle>
	<navigation>null</navigation>
	<delta></delta>
	<interestContribution>0.0</interestContribution>
</interactionEvent>
<interactionEvent>
	<kind>selection</kind>
	<date>2015-10-03 23:00:16.454 UTC</date>
	<endDate>2015-10-03 23:00:16.454 UTC</endDate>
	<originId>org.eclipse.jdt.ui.PackageExplorer</originId>
	<structureKind>java</structureKind>
	<structureHandle>=slf4j/slf4j-api\/src\/test\/java&lt;org.slf4j.helpers{SubstitutableLoggerTest.java</structureHandle>
	<navigation>null</navigation>
	<delta></delta>
	<interestContribution>0.0</interestContribution>
</interactionEvent>
</user1>
