<user1>
<interactionEvent>
	<kind>selection</kind>
	<date>2015-11-27 18:24:42.784 UTC</date>
	<endDate>2015-11-27 18:24:42.784 UTC</endDate>
	<originId>org.eclipse.jdt.ui.PackageExplorer</originId>
	<structureKind>java</structureKind>
	<structureHandle>=JHotDraw52/sources&lt;CH.ifa.draw.samples.javadraw{AnimationDecorator.java</structureHandle>
	<navigation>null</navigation>
	<delta></delta>
	<interestContribution>0.0</interestContribution>
</interactionEvent>
<interactionEvent>
	<kind>selection</kind>
	<date>2015-11-27 18:24:42.912 UTC</date>
	<endDate>2015-11-27 18:24:42.912 UTC</endDate>
	<originId>org.eclipse.jdt.ui.PackageExplorer</originId>
	<structureKind>java</structureKind>
	<structureHandle>=JHotDraw52/sources&lt;CH.ifa.draw.samples.javadraw{Animator.java</structureHandle>
	<navigation>null</navigation>
	<delta></delta>
	<interestContribution>0.0</interestContribution>
</interactionEvent>
<interactionEvent>
	<kind>edit</kind>
	<date>2015-11-27 18:24:43.382 UTC</date>
	<endDate>2015-11-27 18:24:43.382 UTC</endDate>
	<originId>org.eclipse.jdt.ui.CompilationUnitEditor</originId>
	<structureKind>java</structureKind>
	<structureHandle>=JHotDraw52/sources&lt;CH.ifa.draw.samples.javadraw{Animator.java</structureHandle>
	<navigation>null</navigation>
	<delta></delta>
	<interestContribution>0.0</interestContribution>
</interactionEvent>
<interactionEvent>
	<kind>selection</kind>
	<date>2015-11-27 18:24:43.638 UTC</date>
	<endDate>2015-11-27 18:24:43.638 UTC</endDate>
	<originId>org.eclipse.jdt.ui.PackageExplorer</originId>
	<structureKind>java</structureKind>
	<structureHandle>=JHotDraw52/sources&lt;CH.ifa.draw.samples.javadraw{Animator.java</structureHandle>
	<navigation>null</navigation>
	<delta></delta>
	<interestContribution>0.0</interestContribution>
</interactionEvent>
<interactionEvent>
	<kind>selection</kind>
	<date>2015-11-27 18:24:43.856 UTC</date>
	<endDate>2015-11-27 18:24:43.856 UTC</endDate>
	<originId>org.eclipse.jdt.ui.PackageExplorer</originId>
	<structureKind>java</structureKind>
	<structureHandle>=JHotDraw52/sources&lt;CH.ifa.draw.samples.javadraw{Animator.java</structureHandle>
	<navigation>null</navigation>
	<delta></delta>
	<interestContribution>0.0</interestContribution>
</interactionEvent>
<interactionEvent>
	<kind>selection</kind>
	<date>2015-11-27 18:24:45.452 UTC</date>
	<endDate>2015-11-27 18:24:45.452 UTC</endDate>
	<originId>org.eclipse.jdt.ui.PackageExplorer</originId>
	<structureKind>java</structureKind>
	<structureHandle>=JHotDraw52/sources&lt;CH.ifa.draw.samples.javadraw{BouncingDrawing.java</structureHandle>
	<navigation>null</navigation>
	<delta></delta>
	<interestContribution>0.0</interestContribution>
</interactionEvent>
<interactionEvent>
	<kind>edit</kind>
	<date>2015-11-27 18:24:46.15 UTC</date>
	<endDate>2015-11-27 18:24:46.15 UTC</endDate>
	<originId>org.eclipse.jdt.ui.CompilationUnitEditor</originId>
	<structureKind>java</structureKind>
	<structureHandle>=JHotDraw52/sources&lt;CH.ifa.draw.samples.javadraw{BouncingDrawing.java</structureHandle>
	<navigation>null</navigation>
	<delta></delta>
	<interestContribution>0.0</interestContribution>
</interactionEvent>
<interactionEvent>
	<kind>selection</kind>
	<date>2015-11-27 18:24:46.249 UTC</date>
	<endDate>2015-11-27 18:24:46.249 UTC</endDate>
	<originId>org.eclipse.jdt.ui.PackageExplorer</originId>
	<structureKind>java</structureKind>
	<structureHandle>=JHotDraw52/sources&lt;CH.ifa.draw.samples.javadraw{BouncingDrawing.java</structureHandle>
	<navigation>null</navigation>
	<delta></delta>
	<interestContribution>0.0</interestContribution>
</interactionEvent>
<interactionEvent>
	<kind>selection</kind>
	<date>2015-11-27 18:24:46.494 UTC</date>
	<endDate>2015-11-27 18:24:46.494 UTC</endDate>
	<originId>org.eclipse.jdt.ui.PackageExplorer</originId>
	<structureKind>java</structureKind>
	<structureHandle>=JHotDraw52/sources&lt;CH.ifa.draw.samples.javadraw{BouncingDrawing.java</structureHandle>
	<navigation>null</navigation>
	<delta></delta>
	<interestContribution>0.0</interestContribution>
</interactionEvent>
<interactionEvent>
	<kind>selection</kind>
	<date>2015-11-27 18:24:49.999 UTC</date>
	<endDate>2015-11-27 18:24:49.999 UTC</endDate>
	<originId>org.eclipse.jdt.ui.PackageExplorer</originId>
	<structureKind>java</structureKind>
	<structureHandle>=JHotDraw52/sources&lt;CH.ifa.draw.samples.javadraw{BouncingDrawing.java</structureHandle>
	<navigation>null</navigation>
	<delta></delta>
	<interestContribution>0.0</interestContribution>
</interactionEvent>
<interactionEvent>
	<kind>selection</kind>
	<date>2015-11-27 18:24:51.248 UTC</date>
	<endDate>2015-11-27 18:24:51.248 UTC</endDate>
	<originId>org.eclipse.jdt.ui.PackageExplorer</originId>
	<structureKind>java</structureKind>
	<structureHandle>=JHotDraw52/sources&lt;CH.ifa.draw.framework{ConnectionFigure.java</structureHandle>
	<navigation>null</navigation>
	<delta></delta>
	<interestContribution>0.0</interestContribution>
</interactionEvent>
<interactionEvent>
	<kind>edit</kind>
	<date>2015-11-27 18:24:51.692 UTC</date>
	<endDate>2015-11-27 18:24:51.692 UTC</endDate>
	<originId>org.eclipse.jdt.ui.CompilationUnitEditor</originId>
	<structureKind>java</structureKind>
	<structureHandle>=JHotDraw52/sources&lt;CH.ifa.draw.framework{ConnectionFigure.java</structureHandle>
	<navigation>null</navigation>
	<delta></delta>
	<interestContribution>0.0</interestContribution>
</interactionEvent>
<interactionEvent>
	<kind>selection</kind>
	<date>2015-11-27 18:24:51.933 UTC</date>
	<endDate>2015-11-27 18:24:51.933 UTC</endDate>
	<originId>org.eclipse.jdt.ui.PackageExplorer</originId>
	<structureKind>java</structureKind>
	<structureHandle>=JHotDraw52/sources&lt;CH.ifa.draw.framework{ConnectionFigure.java</structureHandle>
	<navigation>null</navigation>
	<delta></delta>
	<interestContribution>0.0</interestContribution>
</interactionEvent>
<interactionEvent>
	<kind>selection</kind>
	<date>2015-11-27 18:24:52.137 UTC</date>
	<endDate>2015-11-27 18:24:52.137 UTC</endDate>
	<originId>org.eclipse.jdt.ui.PackageExplorer</originId>
	<structureKind>java</structureKind>
	<structureHandle>=JHotDraw52/sources&lt;CH.ifa.draw.framework{ConnectionFigure.java</structureHandle>
	<navigation>null</navigation>
	<delta></delta>
	<interestContribution>0.0</interestContribution>
</interactionEvent>
<interactionEvent>
	<kind>selection</kind>
	<date>2015-11-27 18:24:54.212 UTC</date>
	<endDate>2015-11-27 18:24:54.212 UTC</endDate>
	<originId>org.eclipse.jdt.ui.PackageExplorer</originId>
	<structureKind>java</structureKind>
	<structureHandle>=JHotDraw52/sources&lt;CH.ifa.draw.framework{DrawingChangeEvent.java</structureHandle>
	<navigation>null</navigation>
	<delta></delta>
	<interestContribution>0.0</interestContribution>
</interactionEvent>
<interactionEvent>
	<kind>edit</kind>
	<date>2015-11-27 18:24:54.659 UTC</date>
	<endDate>2015-11-27 18:24:54.659 UTC</endDate>
	<originId>org.eclipse.jdt.ui.CompilationUnitEditor</originId>
	<structureKind>java</structureKind>
	<structureHandle>=JHotDraw52/sources&lt;CH.ifa.draw.framework{DrawingChangeEvent.java</structureHandle>
	<navigation>null</navigation>
	<delta></delta>
	<interestContribution>0.0</interestContribution>
</interactionEvent>
<interactionEvent>
	<kind>selection</kind>
	<date>2015-11-27 18:24:54.920 UTC</date>
	<endDate>2015-11-27 18:24:54.920 UTC</endDate>
	<originId>org.eclipse.jdt.ui.PackageExplorer</originId>
	<structureKind>java</structureKind>
	<structureHandle>=JHotDraw52/sources&lt;CH.ifa.draw.framework{DrawingChangeEvent.java</structureHandle>
	<navigation>null</navigation>
	<delta></delta>
	<interestContribution>0.0</interestContribution>
</interactionEvent>
<interactionEvent>
	<kind>selection</kind>
	<date>2015-11-27 18:24:55.77 UTC</date>
	<endDate>2015-11-27 18:24:55.77 UTC</endDate>
	<originId>org.eclipse.jdt.ui.PackageExplorer</originId>
	<structureKind>java</structureKind>
	<structureHandle>=JHotDraw52/sources&lt;CH.ifa.draw.framework{DrawingChangeEvent.java</structureHandle>
	<navigation>null</navigation>
	<delta></delta>
	<interestContribution>0.0</interestContribution>
</interactionEvent>
<interactionEvent>
	<kind>selection</kind>
	<date>2015-11-27 18:24:56.600 UTC</date>
	<endDate>2015-11-27 18:24:56.600 UTC</endDate>
	<originId>org.eclipse.jdt.ui.PackageExplorer</originId>
	<structureKind>java</structureKind>
	<structureHandle>=JHotDraw52/sources&lt;CH.ifa.draw.framework{Drawing.java</structureHandle>
	<navigation>null</navigation>
	<delta></delta>
	<interestContribution>0.0</interestContribution>
</interactionEvent>
<interactionEvent>
	<kind>edit</kind>
	<date>2015-11-27 18:24:57.44 UTC</date>
	<endDate>2015-11-27 18:24:57.44 UTC</endDate>
	<originId>org.eclipse.jdt.ui.CompilationUnitEditor</originId>
	<structureKind>java</structureKind>
	<structureHandle>=JHotDraw52/sources&lt;CH.ifa.draw.framework{Drawing.java</structureHandle>
	<navigation>null</navigation>
	<delta></delta>
	<interestContribution>0.0</interestContribution>
</interactionEvent>
<interactionEvent>
	<kind>selection</kind>
	<date>2015-11-27 18:24:57.258 UTC</date>
	<endDate>2015-11-27 18:24:57.258 UTC</endDate>
	<originId>org.eclipse.jdt.ui.PackageExplorer</originId>
	<structureKind>java</structureKind>
	<structureHandle>=JHotDraw52/sources&lt;CH.ifa.draw.framework{Drawing.java</structureHandle>
	<navigation>null</navigation>
	<delta></delta>
	<interestContribution>0.0</interestContribution>
</interactionEvent>
<interactionEvent>
	<kind>selection</kind>
	<date>2015-11-27 18:24:57.437 UTC</date>
	<endDate>2015-11-27 18:24:57.437 UTC</endDate>
	<originId>org.eclipse.jdt.ui.PackageExplorer</originId>
	<structureKind>java</structureKind>
	<structureHandle>=JHotDraw52/sources&lt;CH.ifa.draw.framework{Drawing.java</structureHandle>
	<navigation>null</navigation>
	<delta></delta>
	<interestContribution>0.0</interestContribution>
</interactionEvent>
<interactionEvent>
	<kind>selection</kind>
	<date>2015-11-27 18:25:00.43 UTC</date>
	<endDate>2015-11-27 18:25:00.43 UTC</endDate>
	<originId>org.eclipse.jdt.ui.PackageExplorer</originId>
	<structureKind>java</structureKind>
	<structureHandle>=JHotDraw52/sources&lt;CH.ifa.draw.framework{Figure.java</structureHandle>
	<navigation>null</navigation>
	<delta></delta>
	<interestContribution>0.0</interestContribution>
</interactionEvent>
<interactionEvent>
	<kind>edit</kind>
	<date>2015-11-27 18:25:00.563 UTC</date>
	<endDate>2015-11-27 18:25:00.563 UTC</endDate>
	<originId>org.eclipse.jdt.ui.CompilationUnitEditor</originId>
	<structureKind>java</structureKind>
	<structureHandle>=JHotDraw52/sources&lt;CH.ifa.draw.framework{Figure.java</structureHandle>
	<navigation>null</navigation>
	<delta></delta>
	<interestContribution>0.0</interestContribution>
</interactionEvent>
<interactionEvent>
	<kind>selection</kind>
	<date>2015-11-27 18:25:00.807 UTC</date>
	<endDate>2015-11-27 18:25:00.807 UTC</endDate>
	<originId>org.eclipse.jdt.ui.PackageExplorer</originId>
	<structureKind>java</structureKind>
	<structureHandle>=JHotDraw52/sources&lt;CH.ifa.draw.framework{Figure.java</structureHandle>
	<navigation>null</navigation>
	<delta></delta>
	<interestContribution>0.0</interestContribution>
</interactionEvent>
<interactionEvent>
	<kind>selection</kind>
	<date>2015-11-27 18:25:01.41 UTC</date>
	<endDate>2015-11-27 18:25:01.41 UTC</endDate>
	<originId>org.eclipse.jdt.ui.PackageExplorer</originId>
	<structureKind>java</structureKind>
	<structureHandle>=JHotDraw52/sources&lt;CH.ifa.draw.framework{Figure.java</structureHandle>
	<navigation>null</navigation>
	<delta></delta>
	<interestContribution>0.0</interestContribution>
</interactionEvent>
<interactionEvent>
	<kind>selection</kind>
	<date>2015-11-27 18:25:03.566 UTC</date>
	<endDate>2015-11-27 18:25:03.566 UTC</endDate>
	<originId>org.eclipse.jdt.ui.PackageExplorer</originId>
	<structureKind>java</structureKind>
	<structureHandle>=JHotDraw52/sources&lt;CH.ifa.draw.framework{Handle.java</structureHandle>
	<navigation>null</navigation>
	<delta></delta>
	<interestContribution>0.0</interestContribution>
</interactionEvent>
<interactionEvent>
	<kind>edit</kind>
	<date>2015-11-27 18:25:04.73 UTC</date>
	<endDate>2015-11-27 18:25:04.73 UTC</endDate>
	<originId>org.eclipse.jdt.ui.CompilationUnitEditor</originId>
	<structureKind>java</structureKind>
	<structureHandle>=JHotDraw52/sources&lt;CH.ifa.draw.framework{Handle.java</structureHandle>
	<navigation>null</navigation>
	<delta></delta>
	<interestContribution>0.0</interestContribution>
</interactionEvent>
<interactionEvent>
	<kind>selection</kind>
	<date>2015-11-27 18:25:04.302 UTC</date>
	<endDate>2015-11-27 18:25:04.302 UTC</endDate>
	<originId>org.eclipse.jdt.ui.PackageExplorer</originId>
	<structureKind>java</structureKind>
	<structureHandle>=JHotDraw52/sources&lt;CH.ifa.draw.framework{Handle.java</structureHandle>
	<navigation>null</navigation>
	<delta></delta>
	<interestContribution>0.0</interestContribution>
</interactionEvent>
<interactionEvent>
	<kind>selection</kind>
	<date>2015-11-27 18:25:04.485 UTC</date>
	<endDate>2015-11-27 18:25:04.485 UTC</endDate>
	<originId>org.eclipse.jdt.ui.PackageExplorer</originId>
	<structureKind>java</structureKind>
	<structureHandle>=JHotDraw52/sources&lt;CH.ifa.draw.framework{Handle.java</structureHandle>
	<navigation>null</navigation>
	<delta></delta>
	<interestContribution>0.0</interestContribution>
</interactionEvent>
<interactionEvent>
	<kind>selection</kind>
	<date>2015-11-27 18:25:06.665 UTC</date>
	<endDate>2015-11-27 18:25:06.665 UTC</endDate>
	<originId>org.eclipse.jdt.ui.PackageExplorer</originId>
	<structureKind>java</structureKind>
	<structureHandle>=JHotDraw52/sources&lt;CH.ifa.draw.framework{DrawingChangeListener.java</structureHandle>
	<navigation>null</navigation>
	<delta></delta>
	<interestContribution>0.0</interestContribution>
</interactionEvent>
<interactionEvent>
	<kind>edit</kind>
	<date>2015-11-27 18:25:07.96 UTC</date>
	<endDate>2015-11-27 18:25:07.96 UTC</endDate>
	<originId>org.eclipse.jdt.ui.CompilationUnitEditor</originId>
	<structureKind>java</structureKind>
	<structureHandle>=JHotDraw52/sources&lt;CH.ifa.draw.framework{DrawingChangeListener.java</structureHandle>
	<navigation>null</navigation>
	<delta></delta>
	<interestContribution>0.0</interestContribution>
</interactionEvent>
<interactionEvent>
	<kind>selection</kind>
	<date>2015-11-27 18:25:07.301 UTC</date>
	<endDate>2015-11-27 18:25:07.301 UTC</endDate>
	<originId>org.eclipse.jdt.ui.PackageExplorer</originId>
	<structureKind>java</structureKind>
	<structureHandle>=JHotDraw52/sources&lt;CH.ifa.draw.framework{DrawingChangeListener.java</structureHandle>
	<navigation>null</navigation>
	<delta></delta>
	<interestContribution>0.0</interestContribution>
</interactionEvent>
<interactionEvent>
	<kind>selection</kind>
	<date>2015-11-27 18:25:07.417 UTC</date>
	<endDate>2015-11-27 18:25:07.417 UTC</endDate>
	<originId>org.eclipse.jdt.ui.PackageExplorer</originId>
	<structureKind>java</structureKind>
	<structureHandle>=JHotDraw52/sources&lt;CH.ifa.draw.framework{DrawingChangeListener.java</structureHandle>
	<navigation>null</navigation>
	<delta></delta>
	<interestContribution>0.0</interestContribution>
</interactionEvent>
<interactionEvent>
	<kind>selection</kind>
	<date>2015-11-27 18:25:09.615 UTC</date>
	<endDate>2015-11-27 18:25:09.615 UTC</endDate>
	<originId>org.eclipse.jdt.ui.PackageExplorer</originId>
	<structureKind>java</structureKind>
	<structureHandle>=JHotDraw52/sources&lt;CH.ifa.draw.framework{Painter.java</structureHandle>
	<navigation>null</navigation>
	<delta></delta>
	<interestContribution>0.0</interestContribution>
</interactionEvent>
<interactionEvent>
	<kind>edit</kind>
	<date>2015-11-27 18:25:10.40 UTC</date>
	<endDate>2015-11-27 18:25:10.40 UTC</endDate>
	<originId>org.eclipse.jdt.ui.CompilationUnitEditor</originId>
	<structureKind>java</structureKind>
	<structureHandle>=JHotDraw52/sources&lt;CH.ifa.draw.framework{Painter.java</structureHandle>
	<navigation>null</navigation>
	<delta></delta>
	<interestContribution>0.0</interestContribution>
</interactionEvent>
<interactionEvent>
	<kind>selection</kind>
	<date>2015-11-27 18:25:10.252 UTC</date>
	<endDate>2015-11-27 18:25:10.252 UTC</endDate>
	<originId>org.eclipse.jdt.ui.PackageExplorer</originId>
	<structureKind>java</structureKind>
	<structureHandle>=JHotDraw52/sources&lt;CH.ifa.draw.framework{Painter.java</structureHandle>
	<navigation>null</navigation>
	<delta></delta>
	<interestContribution>0.0</interestContribution>
</interactionEvent>
<interactionEvent>
	<kind>selection</kind>
	<date>2015-11-27 18:25:10.371 UTC</date>
	<endDate>2015-11-27 18:25:10.371 UTC</endDate>
	<originId>org.eclipse.jdt.ui.PackageExplorer</originId>
	<structureKind>java</structureKind>
	<structureHandle>=JHotDraw52/sources&lt;CH.ifa.draw.framework{Painter.java</structureHandle>
	<navigation>null</navigation>
	<delta></delta>
	<interestContribution>0.0</interestContribution>
</interactionEvent>
</user1>
