<user1>
<interactionEvent>
	<kind>selection</kind>
	<date>2015-11-27 18:39:20.172 UTC</date>
	<endDate>2015-11-27 18:39:20.172 UTC</endDate>
	<originId>org.eclipse.jdt.ui.CompilationUnitEditor</originId>
	<structureKind>java</structureKind>
	<structureHandle>=JHotDraw52/sources&lt;CH.ifa.draw.standard{AbstractHandle.java</structureHandle>
	<navigation>null</navigation>
	<delta></delta>
	<interestContribution>0.0</interestContribution>
</interactionEvent>
<interactionEvent>
	<kind>selection</kind>
	<date>2015-11-27 18:39:20.399 UTC</date>
	<endDate>2015-11-27 18:39:20.399 UTC</endDate>
	<originId>org.eclipse.jdt.ui.PackageExplorer</originId>
	<structureKind>java</structureKind>
	<structureHandle>=JHotDraw52/sources&lt;CH.ifa.draw.standard{AbstractHandle.java</structureHandle>
	<navigation>null</navigation>
	<delta></delta>
	<interestContribution>0.0</interestContribution>
</interactionEvent>
<interactionEvent>
	<kind>selection</kind>
	<date>2015-11-27 18:39:20.602 UTC</date>
	<endDate>2015-11-27 18:39:20.602 UTC</endDate>
	<originId>org.eclipse.jdt.ui.PackageExplorer</originId>
	<structureKind>java</structureKind>
	<structureHandle>=JHotDraw52/sources&lt;CH.ifa.draw.standard{AbstractHandle.java</structureHandle>
	<navigation>null</navigation>
	<delta></delta>
	<interestContribution>0.0</interestContribution>
</interactionEvent>
<interactionEvent>
	<kind>selection</kind>
	<date>2015-11-27 18:39:20.604 UTC</date>
	<endDate>2015-11-27 18:39:20.604 UTC</endDate>
	<originId>org.eclipse.jdt.ui.PackageExplorer</originId>
	<structureKind>java</structureKind>
	<structureHandle>=JHotDraw52/sources&lt;CH.ifa.draw.standard{AbstractHandle.java</structureHandle>
	<navigation>null</navigation>
	<delta></delta>
	<interestContribution>0.0</interestContribution>
</interactionEvent>
<interactionEvent>
	<kind>selection</kind>
	<date>2015-11-27 18:39:23.616 UTC</date>
	<endDate>2015-11-27 18:39:23.616 UTC</endDate>
	<originId>org.eclipse.jdt.ui.PackageExplorer</originId>
	<structureKind>java</structureKind>
	<structureHandle>=JHotDraw52/sources&lt;CH.ifa.draw.standard{ActionTool.java</structureHandle>
	<navigation>null</navigation>
	<delta></delta>
	<interestContribution>0.0</interestContribution>
</interactionEvent>
<interactionEvent>
	<kind>edit</kind>
	<date>2015-11-27 18:39:24.198 UTC</date>
	<endDate>2015-11-27 18:39:24.198 UTC</endDate>
	<originId>org.eclipse.jdt.ui.CompilationUnitEditor</originId>
	<structureKind>java</structureKind>
	<structureHandle>=JHotDraw52/sources&lt;CH.ifa.draw.standard{ActionTool.java</structureHandle>
	<navigation>null</navigation>
	<delta></delta>
	<interestContribution>0.0</interestContribution>
</interactionEvent>
<interactionEvent>
	<kind>selection</kind>
	<date>2015-11-27 18:39:24.401 UTC</date>
	<endDate>2015-11-27 18:39:24.401 UTC</endDate>
	<originId>org.eclipse.jdt.ui.PackageExplorer</originId>
	<structureKind>java</structureKind>
	<structureHandle>=JHotDraw52/sources&lt;CH.ifa.draw.standard{ActionTool.java</structureHandle>
	<navigation>null</navigation>
	<delta></delta>
	<interestContribution>0.0</interestContribution>
</interactionEvent>
<interactionEvent>
	<kind>selection</kind>
	<date>2015-11-27 18:39:24.523 UTC</date>
	<endDate>2015-11-27 18:39:24.523 UTC</endDate>
	<originId>org.eclipse.jdt.ui.PackageExplorer</originId>
	<structureKind>java</structureKind>
	<structureHandle>=JHotDraw52/sources&lt;CH.ifa.draw.standard{ActionTool.java</structureHandle>
	<navigation>null</navigation>
	<delta></delta>
	<interestContribution>0.0</interestContribution>
</interactionEvent>
<interactionEvent>
	<kind>selection</kind>
	<date>2015-11-27 18:39:25.539 UTC</date>
	<endDate>2015-11-27 18:39:25.539 UTC</endDate>
	<originId>org.eclipse.jdt.ui.PackageExplorer</originId>
	<structureKind>java</structureKind>
	<structureHandle>=JHotDraw52/sources&lt;CH.ifa.draw.standard{AbstractTool.java</structureHandle>
	<navigation>null</navigation>
	<delta></delta>
	<interestContribution>0.0</interestContribution>
</interactionEvent>
<interactionEvent>
	<kind>edit</kind>
	<date>2015-11-27 18:39:26.9 UTC</date>
	<endDate>2015-11-27 18:39:26.9 UTC</endDate>
	<originId>org.eclipse.jdt.ui.CompilationUnitEditor</originId>
	<structureKind>java</structureKind>
	<structureHandle>=JHotDraw52/sources&lt;CH.ifa.draw.standard{AbstractTool.java</structureHandle>
	<navigation>null</navigation>
	<delta></delta>
	<interestContribution>0.0</interestContribution>
</interactionEvent>
<interactionEvent>
	<kind>selection</kind>
	<date>2015-11-27 18:39:26.211 UTC</date>
	<endDate>2015-11-27 18:39:26.211 UTC</endDate>
	<originId>org.eclipse.jdt.ui.PackageExplorer</originId>
	<structureKind>java</structureKind>
	<structureHandle>=JHotDraw52/sources&lt;CH.ifa.draw.standard{AbstractTool.java</structureHandle>
	<navigation>null</navigation>
	<delta></delta>
	<interestContribution>0.0</interestContribution>
</interactionEvent>
<interactionEvent>
	<kind>selection</kind>
	<date>2015-11-27 18:39:26.334 UTC</date>
	<endDate>2015-11-27 18:39:26.334 UTC</endDate>
	<originId>org.eclipse.jdt.ui.PackageExplorer</originId>
	<structureKind>java</structureKind>
	<structureHandle>=JHotDraw52/sources&lt;CH.ifa.draw.standard{AbstractTool.java</structureHandle>
	<navigation>null</navigation>
	<delta></delta>
	<interestContribution>0.0</interestContribution>
</interactionEvent>
<interactionEvent>
	<kind>selection</kind>
	<date>2015-11-27 18:39:28.789 UTC</date>
	<endDate>2015-11-27 18:39:28.789 UTC</endDate>
	<originId>org.eclipse.jdt.ui.PackageExplorer</originId>
	<structureKind>java</structureKind>
	<structureHandle>=JHotDraw52/sources&lt;CH.ifa.draw.standard{ChangeConnectionHandle.java</structureHandle>
	<navigation>null</navigation>
	<delta></delta>
	<interestContribution>0.0</interestContribution>
</interactionEvent>
<interactionEvent>
	<kind>edit</kind>
	<date>2015-11-27 18:39:29.331 UTC</date>
	<endDate>2015-11-27 18:39:29.331 UTC</endDate>
	<originId>org.eclipse.jdt.ui.CompilationUnitEditor</originId>
	<structureKind>java</structureKind>
	<structureHandle>=JHotDraw52/sources&lt;CH.ifa.draw.standard{ChangeConnectionHandle.java</structureHandle>
	<navigation>null</navigation>
	<delta></delta>
	<interestContribution>0.0</interestContribution>
</interactionEvent>
<interactionEvent>
	<kind>selection</kind>
	<date>2015-11-27 18:39:29.563 UTC</date>
	<endDate>2015-11-27 18:39:29.563 UTC</endDate>
	<originId>org.eclipse.jdt.ui.PackageExplorer</originId>
	<structureKind>java</structureKind>
	<structureHandle>=JHotDraw52/sources&lt;CH.ifa.draw.standard{ChangeConnectionHandle.java</structureHandle>
	<navigation>null</navigation>
	<delta></delta>
	<interestContribution>0.0</interestContribution>
</interactionEvent>
<interactionEvent>
	<kind>selection</kind>
	<date>2015-11-27 18:39:29.730 UTC</date>
	<endDate>2015-11-27 18:39:29.730 UTC</endDate>
	<originId>org.eclipse.jdt.ui.PackageExplorer</originId>
	<structureKind>java</structureKind>
	<structureHandle>=JHotDraw52/sources&lt;CH.ifa.draw.standard{ChangeConnectionHandle.java</structureHandle>
	<navigation>null</navigation>
	<delta></delta>
	<interestContribution>0.0</interestContribution>
</interactionEvent>
<interactionEvent>
	<kind>selection</kind>
	<date>2015-11-27 18:40:01.259 UTC</date>
	<endDate>2015-11-27 18:40:01.259 UTC</endDate>
	<originId>org.eclipse.jdt.ui.PackageExplorer</originId>
	<structureKind>java</structureKind>
	<structureHandle>=JHotDraw52/sources&lt;CH.ifa.draw.standard{ChangeConnectionHandle.java</structureHandle>
	<navigation>null</navigation>
	<delta></delta>
	<interestContribution>0.0</interestContribution>
</interactionEvent>
<interactionEvent>
	<kind>selection</kind>
	<date>2015-11-27 18:40:06.85 UTC</date>
	<endDate>2015-11-27 18:40:06.85 UTC</endDate>
	<originId>org.eclipse.jdt.ui.PackageExplorer</originId>
	<structureKind>java</structureKind>
	<structureHandle>=JHotDraw52/sources&lt;CH.ifa.draw.samples.pert</structureHandle>
	<navigation>null</navigation>
	<delta></delta>
	<interestContribution>0.0</interestContribution>
</interactionEvent>
</user1>
