<user1>
<interactionEvent>
	<kind>selection</kind>
	<date>2015-10-08 03:34:11.22 UTC</date>
	<endDate>2015-10-08 03:34:11.22 UTC</endDate>
	<originId>org.eclipse.ui.views.ContentOutline</originId>
	<structureKind>java</structureKind>
	<structureHandle>=slf4j/slf4j-log4j12\/src\/main\/java&lt;org.slf4j.impl{Log4jLoggerFactory.java[Log4jLoggerFactory</structureHandle>
	<navigation>null</navigation>
	<delta></delta>
	<interestContribution>0.0</interestContribution>
</interactionEvent>
<interactionEvent>
	<kind>selection</kind>
	<date>2015-10-08 03:34:11.39 UTC</date>
	<endDate>2015-10-08 03:34:11.39 UTC</endDate>
	<originId>org.eclipse.ui.views.ContentOutline</originId>
	<structureKind>java</structureKind>
	<structureHandle>=slf4j/slf4j-log4j12\/src\/main\/java&lt;org.slf4j.impl{Log4jLoggerFactory.java[Log4jLoggerFactory</structureHandle>
	<navigation>null</navigation>
	<delta></delta>
	<interestContribution>0.0</interestContribution>
</interactionEvent>
<interactionEvent>
	<kind>edit</kind>
	<date>2015-10-08 03:34:11.387 UTC</date>
	<endDate>2015-10-08 03:34:11.387 UTC</endDate>
	<originId>org.eclipse.jdt.ui.CompilationUnitEditor</originId>
	<structureKind>java</structureKind>
	<structureHandle>=slf4j/slf4j-log4j12\/src\/main\/java&lt;org.slf4j.impl{Log4jLoggerFactory.java[Log4jLoggerFactory</structureHandle>
	<navigation>null</navigation>
	<delta></delta>
	<interestContribution>0.0</interestContribution>
</interactionEvent>
<interactionEvent>
	<kind>selection</kind>
	<date>2015-10-08 03:34:11.434 UTC</date>
	<endDate>2015-10-08 03:34:11.434 UTC</endDate>
	<originId>org.eclipse.jdt.ui.CompilationUnitEditor</originId>
	<structureKind>java</structureKind>
	<structureHandle>=slf4j/slf4j-log4j12\/src\/main\/java&lt;org.slf4j.impl{Log4jLoggerFactory.java[Log4jLoggerFactory^loggerMap</structureHandle>
	<navigation>null</navigation>
	<delta></delta>
	<interestContribution>0.0</interestContribution>
</interactionEvent>
<interactionEvent>
	<kind>selection</kind>
	<date>2015-10-08 03:34:11.665 UTC</date>
	<endDate>2015-10-08 03:34:11.665 UTC</endDate>
	<originId>org.eclipse.ui.views.ContentOutline</originId>
	<structureKind>java</structureKind>
	<structureHandle>=slf4j/slf4j-log4j12\/src\/main\/java&lt;org.slf4j.impl{Log4jLoggerFactory.java[Log4jLoggerFactory^loggerMap</structureHandle>
	<navigation>null</navigation>
	<delta></delta>
	<interestContribution>0.0</interestContribution>
</interactionEvent>
<interactionEvent>
	<kind>selection</kind>
	<date>2015-10-08 03:34:11.897 UTC</date>
	<endDate>2015-10-08 03:34:11.897 UTC</endDate>
	<originId>org.eclipse.ui.views.ContentOutline</originId>
	<structureKind>java</structureKind>
	<structureHandle>=slf4j/slf4j-log4j12\/src\/main\/java&lt;org.slf4j.impl{Log4jLoggerFactory.java[Log4jLoggerFactory^loggerMap</structureHandle>
	<navigation>null</navigation>
	<delta></delta>
	<interestContribution>0.0</interestContribution>
</interactionEvent>
<interactionEvent>
	<kind>selection</kind>
	<date>2015-10-08 03:34:11.929 UTC</date>
	<endDate>2015-10-08 03:34:11.929 UTC</endDate>
	<originId>org.eclipse.ui.views.ContentOutline</originId>
	<structureKind>java</structureKind>
	<structureHandle>=slf4j/slf4j-log4j12\/src\/main\/java&lt;org.slf4j.impl{Log4jLoggerFactory.java[Log4jLoggerFactory^loggerMap</structureHandle>
	<navigation>null</navigation>
	<delta></delta>
	<interestContribution>0.0</interestContribution>
</interactionEvent>
<interactionEvent>
	<kind>selection</kind>
	<date>2015-10-08 03:36:17.710 UTC</date>
	<endDate>2015-10-08 03:36:17.710 UTC</endDate>
	<originId>org.eclipse.ui.views.ContentOutline</originId>
	<structureKind>java</structureKind>
	<structureHandle>=slf4j/slf4j-log4j12\/src\/main\/java&lt;org.slf4j.impl{Log4jLoggerFactory.java[Log4jLoggerFactory^loggerMap</structureHandle>
	<navigation>null</navigation>
	<delta></delta>
	<interestContribution>0.0</interestContribution>
</interactionEvent>
<interactionEvent>
	<kind>edit</kind>
	<date>2015-10-08 03:36:17.877 UTC</date>
	<endDate>2015-10-08 03:36:17.877 UTC</endDate>
	<originId>org.eclipse.jdt.ui.CompilationUnitEditor</originId>
	<structureKind>java</structureKind>
	<structureHandle>=slf4j/slf4j-log4j12\/src\/main\/java&lt;org.slf4j.impl{Log4jLoggerFactory.java[Log4jLoggerFactory^loggerMap</structureHandle>
	<navigation>null</navigation>
	<delta></delta>
	<interestContribution>0.0</interestContribution>
</interactionEvent>
<interactionEvent>
	<kind>edit</kind>
	<date>2015-10-08 03:36:17.901 UTC</date>
	<endDate>2015-10-08 03:36:17.901 UTC</endDate>
	<originId>org.eclipse.jdt.ui.CompilationUnitEditor</originId>
	<structureKind>java</structureKind>
	<structureHandle>=slf4j/slf4j-log4j12\/src\/main\/java&lt;org.slf4j.impl{Log4jLoggerFactory.java[Log4jLoggerFactory^loggerMap</structureHandle>
	<navigation>null</navigation>
	<delta></delta>
	<interestContribution>0.0</interestContribution>
</interactionEvent>
<interactionEvent>
	<kind>selection</kind>
	<date>2015-10-08 03:36:18.65 UTC</date>
	<endDate>2015-10-08 03:36:18.65 UTC</endDate>
	<originId>org.eclipse.ui.views.ContentOutline</originId>
	<structureKind>java</structureKind>
	<structureHandle>=slf4j/slf4j-log4j12\/src\/main\/java&lt;org.slf4j.impl{Log4jLoggerFactory.java[Log4jLoggerFactory^loggerMap</structureHandle>
	<navigation>null</navigation>
	<delta></delta>
	<interestContribution>0.0</interestContribution>
</interactionEvent>
<interactionEvent>
	<kind>selection</kind>
	<date>2015-10-08 03:36:18.220 UTC</date>
	<endDate>2015-10-08 03:36:18.220 UTC</endDate>
	<originId>org.eclipse.ui.views.ContentOutline</originId>
	<structureKind>java</structureKind>
	<structureHandle>=slf4j/slf4j-log4j12\/src\/main\/java&lt;org.slf4j.impl{Log4jLoggerFactory.java[Log4jLoggerFactory^loggerMap</structureHandle>
	<navigation>null</navigation>
	<delta></delta>
	<interestContribution>0.0</interestContribution>
</interactionEvent>
<interactionEvent>
	<kind>selection</kind>
	<date>2015-10-08 03:36:18.222 UTC</date>
	<endDate>2015-10-08 03:36:18.222 UTC</endDate>
	<originId>org.eclipse.ui.views.ContentOutline</originId>
	<structureKind>java</structureKind>
	<structureHandle>=slf4j/slf4j-log4j12\/src\/main\/java&lt;org.slf4j.impl{Log4jLoggerFactory.java[Log4jLoggerFactory^loggerMap</structureHandle>
	<navigation>null</navigation>
	<delta></delta>
	<interestContribution>0.0</interestContribution>
</interactionEvent>
<interactionEvent>
	<kind>selection</kind>
	<date>2015-10-08 03:36:55.676 UTC</date>
	<endDate>2015-10-08 03:36:55.676 UTC</endDate>
	<originId>org.eclipse.ui.views.ContentOutline</originId>
	<structureKind>java</structureKind>
	<structureHandle>=slf4j/slf4j-log4j12\/src\/main\/java&lt;org.slf4j.impl{Log4jLoggerFactory.java[Log4jLoggerFactory^loggerMap</structureHandle>
	<navigation>null</navigation>
	<delta></delta>
	<interestContribution>0.0</interestContribution>
</interactionEvent>
<interactionEvent>
	<kind>selection</kind>
	<date>2015-10-08 03:37:07.768 UTC</date>
	<endDate>2015-10-08 03:37:07.768 UTC</endDate>
	<originId>org.eclipse.ui.views.ContentOutline</originId>
	<structureKind>java</structureKind>
	<structureHandle>=slf4j/slf4j-log4j12\/src\/main\/java&lt;org.slf4j.impl{Log4jLoggerFactory.java[Log4jLoggerFactory^loggerMap</structureHandle>
	<navigation>null</navigation>
	<delta></delta>
	<interestContribution>0.0</interestContribution>
</interactionEvent>
<interactionEvent>
	<kind>selection</kind>
	<date>2015-10-08 03:37:14.597 UTC</date>
	<endDate>2015-10-08 03:37:14.597 UTC</endDate>
	<originId>org.eclipse.ui.views.ContentOutline</originId>
	<structureKind>java</structureKind>
	<structureHandle>=slf4j/slf4j-log4j12\/src\/main\/java&lt;org.slf4j.impl{Log4jLoggerFactory.java[Log4jLoggerFactory^loggerMap</structureHandle>
	<navigation>null</navigation>
	<delta></delta>
	<interestContribution>0.0</interestContribution>
</interactionEvent>
</user1>
